Line,ped.donor,best.matches,all.intros.match.ped,N.blocks.unfiltered,Total.Intro.Sizes.Unfiltered,Total.Intro.Prop.Unfiltered,N.blocks.filtered,N.mismatch.blocks,N.NA.blocks,N.donor.matches
CML103/B73 NIL-1001,CML103,CML103,TRUE,1,26223806,0.0123697198113208,1,0,0,1
CML103/B73 NIL-1002,CML103,CML103,TRUE,2,23859659.5,0.0112545563679245,2,0,0,1
CML103/B73 NIL-1003A,CML103,CML103,TRUE,2,12570622.5,0.00592953891509434,1,0,0,1
CML103/B73 NIL-1003B,CML103,CML103,TRUE,2,12180332,0.00574543962264151,1,0,0,1
CML103/B73 NIL-1005,CML103,CML103,TRUE,4,213243851,0.100586722169811,2,0,0,1
CML103/B73 NIL-1008,CML103,CML103,TRUE,4,213679776,0.100792347169811,3,0,1,1
CML103/B73 NIL-1012,CML103,CML103,TRUE,5,136150410,0.064221891509434,3,0,1,1
CML103/B73 NIL-1017,CML103,Tzi8,FALSE,2,42106619.5,0.0198616129716981,2,1,1,1
CML103/B73 NIL-1019A,CML103,CML103,TRUE,3,121618382.5,0.0573671615566038,1,0,0,1
CML103/B73 NIL-1019B,CML103,CML103,TRUE,3,120224562,0.0567096990566038,1,0,0,1
CML103/B73 NIL-1034,CML103,CML103,TRUE,2,136789682,0.0645234349056604,2,0,0,1
CML103/B73 NIL-1037B,CML103,CML103,TRUE,2,8319184,0.00392414339622642,2,0,0,1
CML103/B73 NIL-1041,CML103,CML103,TRUE,2,70171620,0.033099820754717,2,0,1,1
CML103/B73 NIL-1049,CML103,CML103,TRUE,3,14482646.5,0.00683143702830189,3,0,2,1
CML103/B73 NIL-1053,CML103,B73,FALSE,3,117432265.5,0.0553925780660377,2,1,1,1
CML103/B73 NIL-1057,CML103,NA,FALSE,3,1400125,0.000660436320754717,NA,NA,NA,NA
CML103/B73 NIL-1059,CML103,Tzi8,FALSE,1,12082745,0.00569940801886792,1,1,0,1
CML103/B73 NIL-1063,CML103,CML103,TRUE,2,3183427.5,0.00150161674528302,1,0,0,1
CML103/B73 NIL-1072,CML103,NA,FALSE,1,12293563.5,0.00579885070754717,1,0,1,0
CML103/B73 NIL-1076A,CML103,CML103/Tzi8,FALSE,6,55877446,0.0263572858490566,5,1,1,2
CML103/B73 NIL-1076B,CML103,Tzi8/CML103,FALSE,4,14206046.5,0.00670096533018868,3,1,0,2
CML103/B73 NIL-1078A,CML103,Tzi8/CML103,FALSE,2,21930518,0.0103445839622642,2,1,0,2
CML103/B73 NIL-1078B,CML103,NA,FALSE,2,10737527,0.00506487122641509,1,0,1,0
CML103/B73 NIL-1079A,CML103,Tzi8/CML103,FALSE,7,58383651,0.0275394580188679,4,2,0,2
CML103/B73 NIL-1079B,CML103,Tzi8/CML103,FALSE,5,59737314.5,0.0281779785377358,4,2,0,2
CML103/B73 NIL-1079C,CML103,Tzi8/CML103,FALSE,6,49448268.5,0.0233246549528302,6,2,0,2
CML103/B73 NIL-1079D,CML103,Tzi8/CML103,FALSE,6,62941057,0.0296891778301887,6,2,1,2
CML103/B73 NIL-1081A,CML103,CML103/Tzi8,FALSE,7,66883514.5,0.0315488275943396,5,1,1,2
CML103/B73 NIL-1081B,CML103,Tzi8/CML103,FALSE,5,64083962.5,0.0302282841981132,5,2,1,2
CML103/B73 NIL-1084,CML103,Tzi8,FALSE,3,9011838,0.00425086698113208,2,1,1,1
CML103/B73 NIL-1088,CML103,Tzi8,FALSE,3,9957507.5,0.0046969375,1,1,0,1
CML103/B73 NIL-1093,CML103,CML103,TRUE,3,18094464,0.00853512452830189,1,0,0,1
CML103/B73 NIL-1094,CML103,NA,FALSE,3,27546502.5,0.012993633254717,3,0,3,0
CML103/B73 NIL-1098,CML103,Tzi8,FALSE,8,170938846.5,0.0806315313679245,5,4,1,1
CML103/B73 NIL-1113,CML103,Tzi8,FALSE,3,26051879.5,0.0122886224056604,3,1,2,1
CML103/B73 NIL-1114,CML103,Tzi8,FALSE,3,17063014.5,0.00804859174528302,1,1,0,1
CML103/B73 NIL-1116,CML103,Tzi8,FALSE,3,19037688.5,0.00898004174528302,2,1,1,1
CML103/B73 NIL-1129,CML103,CML103,TRUE,3,147026553.5,0.0693521478773585,3,0,0,1
CML103/B73 NIL-1141,CML103,Tzi8,FALSE,4,9923957,0.00468111179245283,2,1,1,1
CML103/B73 NIL-1146,CML103,NA,FALSE,2,22717870.5,0.0107159766509434,1,0,1,0
CML103/B73 NIL-1152,CML103,CML103/B73,FALSE,4,28089290.5,0.0132496653301887,3,1,0,2
CML103/B73 NIL-1153,CML103,CML103,TRUE,2,18948472,0.00893795849056604,2,0,0,1
CML103/B73 NIL-1158,CML103,Tzi8,FALSE,1,7651030,0.00360897641509434,1,1,0,1
CML103/B73 NIL-1160,CML103,CML103,TRUE,2,13357536.5,0.00630072476415094,2,0,1,1
CML103/B73 NIL-1164,CML103,CML103/B73,FALSE,6,34762750.5,0.0163975238207547,5,1,0,2
CML103/B73 NIL-1165,CML103,B73/CML103,FALSE,3,21714960,0.0102429056603774,2,1,0,2
CML103/B73 NIL-1170,CML103,NA,FALSE,8,102412674.5,0.0483078653301887,7,0,7,0
CML103/B73 NIL-1171,CML103,CML103,TRUE,2,6521957.5,0.00307639504716981,1,0,0,1
CML103/B73 NIL-1174,CML103,Tzi8,FALSE,4,123390346.5,0.0582029936320755,2,2,0,1
CML103/B73 NIL-1177,CML103,Mo17/CML103,FALSE,5,25750086.5,0.0121462672169811,3,1,1,2
CML103/B73 NIL-1178,CML103,Mo17,FALSE,5,16372266,0.00772276698113208,2,2,0,1
CML103/B73 NIL-1182A,CML103,CML103,TRUE,3,13017398,0.0061402820754717,3,0,0,1
CML103/B73 NIL-1182B,CML103,CML103,TRUE,4,34195734,0.0161300632075472,4,0,0,1
CML103/B73 NIL-1184,CML103,CML103,TRUE,7,33805850.5,0.0159461558962264,4,0,1,1
CML103/B73 NIL-1194,CML103,CML103,TRUE,4,66538547,0.0313861070754717,2,0,0,1
CML103/B73 NIL-1197,CML103,CML103,TRUE,7,107744289,0.0508227778301887,3,0,0,1
CML103/B73 NIL-1198,CML103,CML103,TRUE,7,106253867,0.0501197485849057,3,0,1,1
CML103/B73 NIL-1202,CML103,CML103,TRUE,3,47274684,0.022299379245283,2,0,0,1
CML103/B73 NIL-1206,CML103,CML103,TRUE,7,123231425.5,0.0581280308962264,4,0,1,1
CML103/B73 NIL-1207,CML103,CML103,TRUE,3,44087006,0.0207957575471698,2,0,0,1
CML103/B73 NIL-1209,CML103,CML103,TRUE,7,42320096,0.0199623094339623,5,0,2,1
CML103/B73 NIL-1212,CML103,Tzi8,FALSE,4,78319381.5,0.0369431044811321,2,2,0,1
CML103/B73 NIL-1216,CML103,Tzi8,FALSE,2,66942466,0.0315766349056604,1,1,0,1
CML103/B73 NIL-1217,CML103,Tzi8,FALSE,4,168717809.5,0.0795838724056604,2,2,0,1
CML103/B73 NIL-1220,CML103,Tzi8,FALSE,4,114866449,0.0541822872641509,3,2,1,1
CML103/B73 NIL-1230,CML103,Mo17,FALSE,4,115862630,0.0546521839622642,4,1,3,1
CML103/B73 NIL-1233,CML103,CML103,TRUE,2,9153886.5,0.00431787099056604,2,0,1,1
CML103/B73 NIL-1234,CML103,CML103,TRUE,3,35121338,0.0165666688679245,2,0,1,1
CML103/B73 NIL-1239,CML103,CML103,TRUE,2,9933413.5,0.00468557240566038,2,0,0,1
CML103/B73 NIL-1242,CML103,CML228/CML103,FALSE,7,231018171.5,0.108970835613208,7,4,0,2
CML103/B73 NIL-1244,CML103,CML228/CML103,FALSE,2,13768150,0.00649441037735849,2,1,0,2
CML103/B73 NIL-1252,CML103,Tzi8,FALSE,3,8717524,0.00411203962264151,3,2,1,1
CML103/B73 NIL-1254A,CML103,CML103,TRUE,1,57111912.5,0.0269395813679245,1,0,0,1
CML103/B73 NIL-1266,CML103,CML103,TRUE,2,9027369.5,0.00425819316037736,2,0,0,1
CML103/B73 NIL-1277,CML103,CML103,TRUE,2,25288034,0.0119283179245283,2,0,1,1
CML103/B73 NIL-1279,CML103,CML103,TRUE,3,22339107,0.0105373146226415,3,0,0,1
CML103/B73 NIL-1281,CML103,Tzi8,FALSE,2,6409632,0.00302341132075472,2,1,1,1
CML103/B73 NIL-1288,CML103,CML103,TRUE,2,16885455.5,0.0079648375,2,0,0,1
CML103/B73 NIL-1290,CML103,NA,FALSE,2,4877044.5,0.00230049268867925,1,0,1,0
CML103/B73 NIL-1303,CML103,CML103,TRUE,1,75143393,0.0354449966981132,1,0,0,1
CML103/B73 NIL-1306,CML103,NA,FALSE,1,2898678,0.00136730094339623,NA,NA,NA,NA
CML103/B73 NIL-1324A,CML103,CML103,TRUE,4,135434442.5,0.063884170990566,3,0,0,1
CML103/B73 NIL-1324B,CML103,CML103,TRUE,5,141672905,0.0668268419811321,3,0,0,1
CML103/B73 NIL-1326,CML103,CML103,TRUE,2,11031841.5,0.00520369882075472,2,0,0,1
CML103/B73 NIL-1330,CML103,CML103,TRUE,2,8731247,0.00411851273584906,1,0,0,1
CML103/B73 NIL-1331,CML103,B73/CML103,FALSE,5,70458377,0.033235083490566,4,2,1,2
CML103/B73 NIL-1340A,CML103,CML103,TRUE,4,122153630.5,0.0576196370283019,3,0,1,1
CML103/B73 NIL-1340B,CML103,NA,FALSE,4,13883225,0.00654869103773585,2,0,2,0
CML103/B73 NIL-1341,CML103,CML103,TRUE,2,29538821,0.0139334061320755,2,0,0,1
CML103/B73 NIL-1342B,CML103,CML103,TRUE,5,34471286.5,0.0162600408018868,3,0,0,1
CML103/B73 NIL-1343,CML103,CML103,TRUE,3,15983997.5,0.00753962146226415,1,0,0,1
CML103/B73 NIL-1345A,CML103,CML103,TRUE,4,32626535.5,0.0153898752358491,3,0,0,1
CML103/B73 NIL-1345B,CML103,CML103,TRUE,4,35265765,0.0166347948113208,4,0,2,1
CML228/B73 NIL-1004,CML228,CML228,TRUE,1,10050812.5,0.00474094929245283,1,0,0,1
CML228/B73 NIL-1006,CML228,CML228,TRUE,1,1333398,0.000628961320754717,1,0,0,1
CML228/B73 NIL-1010,CML228,CML228,TRUE,3,31675670.5,0.014941354009434,1,0,0,1
CML228/B73 NIL-1026,CML228,CML228,TRUE,3,33969330,0.0160232688679245,2,0,0,1
CML228/B73 NIL-1044,CML228,CML228,TRUE,3,22260070.5,0.010500033254717,2,0,1,1
CML228/B73 NIL-1055,CML228,CML247,FALSE,2,12694156,0.00598780943396226,2,1,1,1
CML228/B73 NIL-1063,CML228,CML228,TRUE,2,32678476,0.0154143754716981,2,0,0,1
CML228/B73 NIL-1067,CML228,CML228/B73,FALSE,3,74418398.5,0.0351030181603774,3,1,1,2
CML228/B73 NIL-1069,CML228,CML228,TRUE,3,30386704.5,0.0143333511792453,2,0,0,1
CML228/B73 NIL-1085,CML228,CML228/Ki3,FALSE,5,145351828.5,0.068562183254717,4,1,2,2
CML228/B73 NIL-1086,CML228,CML228,TRUE,3,19563721,0.00922817028301887,1,0,0,1
CML228/B73 NIL-1100,CML228,CML228,TRUE,3,6683466,0.00315257830188679,1,0,0,1
CML228/B73 NIL-1101,CML228,CML228,TRUE,2,11131207.5,0.0052505695754717,2,0,1,1
CML228/B73 NIL-1103,CML228,CML228,TRUE,1,12360588.5,0.00583046627358491,1,0,0,1
CML228/B73 NIL-1104,CML228,CML228,TRUE,3,11372546.5,0.00536440872641509,2,0,0,1
CML228/B73 NIL-1113,CML228,CML228,TRUE,2,5102517.5,0.00240684787735849,2,0,0,1
CML228/B73 NIL-1117A,CML228,CML228/Ki3,FALSE,4,129004055,0.0608509693396226,4,1,0,2
CML228/B73 NIL-1117B,CML228,CML228/Ki3,FALSE,4,129388603.5,0.0610323601415094,4,1,0,2
CML228/B73 NIL-1118A,CML228,CML228/Ki3,FALSE,3,123324080.5,0.0581717360849057,3,1,0,2
CML228/B73 NIL-1118B,CML228,CML228,TRUE,5,133394563.5,0.0629219639150943,4,0,3,1
CML228/B73 NIL-1119,CML228,CML228/Ki11,FALSE,3,55343255,0.0261053089622642,3,1,0,2
CML228/B73 NIL-1121,CML228,CML247,FALSE,2,12818617,0.00604651745283019,2,2,0,1
CML228/B73 NIL-1134B,CML228,CML247,FALSE,3,42355753,0.0199791287735849,3,3,0,1
CML228/B73 NIL-1138,CML228,CML247,FALSE,4,43776038.5,0.0206490747641509,3,3,0,1
CML228/B73 NIL-1139,CML228,CML228,TRUE,3,169133788.5,0.0797800889150943,2,0,0,1
CML228/B73 NIL-1143,CML228,CML247,FALSE,3,43773794,0.0206480160377358,3,3,0,1
CML228/B73 NIL-1146,CML228,CML228,TRUE,3,39810765.5,0.0187786629716981,3,0,1,1
CML228/B73 NIL-1148,CML228,CML228,TRUE,2,2209801,0.00104235896226415,1,0,0,1
CML228/B73 NIL-1157,CML228,CML228,TRUE,3,14429976.5,0.00680659268867924,2,0,0,1
CML228/B73 NIL-1160A,CML228,CML247/B73,FALSE,3,74553628,0.0351668056603774,3,3,0,2
CML228/B73 NIL-1160B,CML228,CML247,FALSE,2,72152843,0.0340343599056604,2,2,0,1
CML228/B73 NIL-1178,CML228,CML228,TRUE,4,17667717.5,0.00833382900943396,2,0,1,1
CML228/B73 NIL-1188,CML228,CML228/CML247,FALSE,4,48624492,0.0229360811320755,4,1,1,2
CML228/B73 NIL-1189,CML228,CML228,TRUE,4,108640441.5,0.0512454912735849,2,0,1,1
CML228/B73 NIL-1201,CML228,CML228,TRUE,1,6121356,0.0028874320754717,1,0,0,1
CML228/B73 NIL-1207,CML228,CML228,TRUE,3,21014545.5,0.00991252146226415,1,0,0,1
CML228/B73 NIL-1217A,CML228,Ki11/CML228,FALSE,4,112112052.5,0.0528830436320755,2,1,0,2
CML228/B73 NIL-1217B,CML228,Ki11/CML228,FALSE,3,112030602.5,0.0528446238207547,2,1,0,2
CML228/B73 NIL-1229,CML228,CML228,TRUE,2,25976988,0.0122532962264151,2,0,0,1
CML228/B73 NIL-1230,CML228,CML228,TRUE,3,38809563,0.0183063976415094,2,0,0,1
CML228/B73 NIL-1232,CML228,CML228,TRUE,2,5413972.5,0.00255376061320755,1,0,0,1
CML247/B73 NIL-1005A,CML247,B73/Mo17,FALSE,42,1185194455,0.559053988207547,30,2,28,2
CML247/B73 NIL-1015,CML247,B73,FALSE,41,1323330248.5,0.624212381367925,32,4,28,1
CML247/B73 NIL-1020,CML247,CML247,TRUE,3,11639254.5,0.00549021438679245,2,0,0,1
CML247/B73 NIL-1032B,CML247,CML247,TRUE,3,28222823,0.0133126523584906,2,0,0,1
CML247/B73 NIL-1037,CML247,CML247,TRUE,1,5635927.5,0.00265845636792453,1,0,0,1
CML247/B73 NIL-1040,CML247,CML247,TRUE,3,23309166,0.0109948896226415,3,0,0,1
CML247/B73 NIL-1050,CML247,CML247,TRUE,4,72670082.5,0.0342783408018868,2,0,0,1
CML247/B73 NIL-1059A,CML247,CML247,TRUE,6,168121238.5,0.079302470990566,2,0,0,1
CML247/B73 NIL-1063,CML247,CML247,TRUE,1,13875573.5,0.00654508183962264,1,0,0,1
CML247/B73 NIL-1065,CML247,CML247,TRUE,3,188776703.5,0.0890456148584906,3,0,0,1
CML247/B73 NIL-1070,CML247,CML247,TRUE,4,101225877.5,0.0477480554245283,2,0,0,1
CML247/B73 NIL-1072,CML247,CML247,TRUE,2,129569132,0.0611175150943396,2,0,1,1
CML247/B73 NIL-1075,CML247,CML247,TRUE,2,8279474,0.00390541226415094,2,0,1,1
CML247/B73 NIL-1082,CML247,CML247,TRUE,2,8130721.5,0.00383524599056604,1,0,0,1
CML247/B73 NIL-1083,CML247,NA,FALSE,2,1322746,0.00062393679245283,NA,NA,NA,NA
CML247/B73 NIL-1090,CML247,CML247,TRUE,4,18857463,0.00889502971698113,2,0,0,1
CML247/B73 NIL-1104,CML247,CML247,TRUE,3,26798788.5,0.0126409379716981,3,0,0,1
CML247/B73 NIL-1105,CML247,CML247,TRUE,2,18912725.5,0.00892109693396226,2,0,0,1
CML247/B73 NIL-1106,CML247,CML247,TRUE,2,8536808,0.00402679622641509,1,0,0,1
CML247/B73 NIL-1107,CML247,CML247,TRUE,2,7546037,0.00355945141509434,2,0,0,1
CML247/B73 NIL-1110,CML247,CML247,TRUE,3,6441988.5,0.00303867382075472,2,0,0,1
CML247/B73 NIL-1125,CML247,CML247,TRUE,1,11870107,0.0055991070754717,1,0,0,1
CML247/B73 NIL-1128,CML247,CML247,TRUE,3,26481142.5,0.0124911049528302,2,0,0,1
CML247/B73 NIL-1130,CML247,CML247,TRUE,4,61918632,0.0292069018867925,2,0,0,1
CML247/B73 NIL-1131,CML247,CML247,TRUE,2,5604212.5,0.00264349646226415,1,0,0,1
CML247/B73 NIL-1139,CML247,CML277,FALSE,2,2319294.5,0.00109400683962264,1,1,0,1
CML247/B73 NIL-1154,CML247,NA,FALSE,2,1689820.5,0.000797085141509434,NA,NA,NA,NA
CML247/B73 NIL-1164,CML247,CML247,TRUE,2,14295024.5,0.00674293608490566,2,0,0,1
CML247/B73 NIL-1179,CML247,CML247,TRUE,1,1886144.5,0.000889690801886792,1,0,0,1
CML247/B73 NIL-1180,CML247,CML247,TRUE,1,3635986,0.00171508773584906,1,0,0,1
CML247/B73 NIL-1181,CML247,CML247,TRUE,2,4145741.5,0.00195553844339623,1,0,0,1
CML247/B73 NIL-1186,CML247,CML277,FALSE,6,83488141.5,0.0393811988207547,4,3,1,1
CML247/B73 NIL-1190,CML247,CML277,FALSE,3,140168923,0.066117416509434,2,2,0,1
CML247/B73 NIL-1194,CML247,CML247,TRUE,5,17030477,0.00803324386792453,4,0,0,1
CML247/B73 NIL-1201,CML247,CML247,TRUE,1,10075496.5,0.00475259268867925,1,0,0,1
CML247/B73 NIL-1206,CML247,CML277,FALSE,6,12951613,0.00610925141509434,4,4,0,1
CML247/B73 NIL-1218,CML247,CML247,TRUE,3,24350105.5,0.0114858988207547,2,0,0,1
CML247/B73 NIL-1241,CML247,CML247,TRUE,3,16678080,0.00786701886792453,2,0,0,1
CML247/B73 NIL-1246A,CML247,CML247,TRUE,1,4208404.5,0.00198509646226415,1,0,0,1
CML247/B73 NIL-1253,CML247,CML247,TRUE,2,82670630.5,0.0389955804245283,2,0,0,1
CML247/B73 NIL-1254,CML247,CML247,TRUE,1,7146754.5,0.00337111061320755,1,0,0,1
CML247/B73 NIL-1262,CML247,CML247,TRUE,1,8502650,0.00401068396226415,1,0,0,1
CML247/B73 NIL-1277,CML247,CML247,TRUE,1,2710954.5,0.00127875212264151,1,0,0,1
CML277/B73 NIL-1004,CML277,CML277,TRUE,1,3321615,0.00156679952830189,1,0,0,1
CML277/B73 NIL-1006,CML277,NA,FALSE,1,321521.5,0.00015166108490566,NA,NA,NA,NA
CML277/B73 NIL-1007,CML277,CML322,FALSE,4,6522420,0.00307661320754717,2,2,0,1
CML277/B73 NIL-1008,CML277,CML322,FALSE,2,9921332.5,0.00467987382075472,2,2,0,1
CML277/B73 NIL-1009,CML277,NA,FALSE,2,2155199.5,0.00101660353773585,NA,NA,NA,NA
CML277/B73 NIL-1011,CML277,CML277,TRUE,5,8112446.5,0.00382662570754717,2,0,1,1
CML277/B73 NIL-1012A,CML277,CML277,TRUE,4,20260149,0.00955667405660377,2,0,0,1
CML277/B73 NIL-1012B,CML277,CML277,TRUE,4,22889365.5,0.0107968705188679,3,0,1,1
CML277/B73 NIL-1017,CML277,CML277,TRUE,5,159726964.5,0.0753429077830189,3,0,0,1
CML277/B73 NIL-1029,CML277,CML277,TRUE,4,21529413,0.010155383490566,3,0,0,1
CML277/B73 NIL-1032,CML277,NA,FALSE,3,10699115.5,0.00504675259433962,3,0,3,0
CML277/B73 NIL-1035,CML277,CML277,TRUE,3,52790722.5,0.0249012841981132,2,0,0,1
CML277/B73 NIL-1041B,CML277,CML277,TRUE,7,328441316,0.154925149056604,2,0,0,1
CML277/B73 NIL-1048,CML277,CML322,FALSE,1,31471871.5,0.0148452224056604,1,1,0,1
CML277/B73 NIL-1061,CML277,CML322,FALSE,3,26052903.5,0.0122891054245283,3,3,0,1
CML277/B73 NIL-1069,CML277,CML322,FALSE,4,44950526,0.0212030783018868,3,3,0,1
CML277/B73 NIL-1081,CML277,CML277,TRUE,4,31067110.5,0.0146542974056604,3,0,0,1
CML277/B73 NIL-1086,CML277,CML277,TRUE,1,13236603,0.00624368066037736,1,0,0,1
CML277/B73 NIL-1090,CML277,CML277,TRUE,1,30137285.5,0.0142157007075472,1,0,0,1
CML277/B73 NIL-1091,CML277,CML277,TRUE,1,62417086.5,0.0294420219339623,1,0,0,1
CML277/B73 NIL-1111B,CML277,CML277,TRUE,4,48088432.5,0.0226832228773585,3,0,0,1
CML277/B73 NIL-1116,CML277,CML322,FALSE,3,19539213.5,0.00921661014150943,1,1,0,1
CML277/B73 NIL-1122,CML277,CML322,FALSE,1,7437754.5,0.00350837476415094,1,1,0,1
CML277/B73 NIL-1124,CML277,CML277,TRUE,2,7770730,0.00366543867924528,2,0,0,1
CML277/B73 NIL-1132A,CML277,CML277,TRUE,3,136099487,0.0641978712264151,2,0,1,1
CML277/B73 NIL-1135,CML277,CML277,TRUE,2,122351759.5,0.0577130941037736,2,0,0,1
CML277/B73 NIL-1136,CML277,CML322,FALSE,1,2673511.5,0.00126109033018868,1,1,0,1
CML277/B73 NIL-1140,CML277,CML277,TRUE,8,283747589,0.133843202358491,7,0,1,1
CML277/B73 NIL-1145,CML277,CML277,TRUE,3,48015550.5,0.0226488445754717,3,0,0,1
CML277/B73 NIL-1149,CML277,NA,FALSE,1,35208.5,1.66077830188679e-05,NA,NA,NA,NA
CML277/B73 NIL-1175,CML277,CML322,FALSE,3,33406407,0.0157577391509434,3,3,0,1
CML277/B73 NIL-1179,CML277,CML277,TRUE,1,5105557.5,0.00240828183962264,1,0,0,1
CML277/B73 NIL-1180,CML277,CML277,TRUE,1,4918614.5,0.00232010117924528,1,0,0,1
CML277/B73 NIL-1183,CML277,CML277,TRUE,2,10397732,0.00490459056603774,2,0,0,1
CML277/B73 NIL-1234A,CML277,CML277,TRUE,2,17156304,0.00809259622641509,1,0,0,1
CML277/B73 NIL-1234B,CML277,CML277,TRUE,1,27606169.5,0.0130217780660377,1,0,0,1
CML277/B73 NIL-1235A,CML277,CML277,TRUE,2,34987860,0.0165037075471698,1,0,0,1
CML277/B73 NIL-1235B,CML277,CML277,TRUE,1,34965871,0.0164933353773585,1,0,0,1
CML277/B73 NIL-1257,CML277,NA,FALSE,1,321521.5,0.00015166108490566,NA,NA,NA,NA
CML277/B73 NIL-1263,CML277,CML277,TRUE,4,104032422,0.0490718971698113,1,0,0,1
CML277/B73 NIL-1280,CML277,CML277,TRUE,5,116674560.5,0.0550351700471698,3,0,0,1
CML277/B73 NIL-1281,CML277,CML277,TRUE,3,86844636,0.0409644509433962,2,0,0,1
CML277/B73 NIL-1282,CML277,CML277,TRUE,5,99752281,0.0470529627358491,4,0,0,1
CML277/B73 NIL-1283,CML277,CML277,TRUE,5,112390738,0.0530144990566038,4,0,0,1
CML277/B73 NIL-1296,CML277,CML277,TRUE,3,31458443.5,0.0148388884433962,2,0,0,1
CML277/B73 NIL-1314,CML277,CML277,TRUE,1,65932098.5,0.0311000464622641,1,0,0,1
CML322/B73 NIL-1003,CML322,CML322,TRUE,3,155723187,0.073454333490566,2,0,0,1
CML322/B73 NIL-1004,CML322,CML322,TRUE,1,127274125.5,0.0600349648584906,1,0,0,1
CML322/B73 NIL-1016,CML322,CML322,TRUE,3,20625747,0.00972912594339623,3,0,0,1
CML322/B73 NIL-1018A,CML322,CML322,TRUE,2,182322940,0.0860013867924528,2,0,0,1
CML322/B73 NIL-1021,CML322,CML322,TRUE,2,4731531.5,0.00223185448113208,2,0,0,1
CML322/B73 NIL-1030B,CML322,CML322,TRUE,3,106023743.5,0.0500111997641509,3,0,0,1
CML322/B73 NIL-1037,CML322,CML322,TRUE,2,14426590.5,0.00680499551886792,1,0,0,1
CML322/B73 NIL-1048,CML322,CML322,TRUE,2,8267408.5,0.00389972099056604,2,0,0,1
CML322/B73 NIL-1051,CML322,CML322,TRUE,8,41727692,0.0196828735849057,5,0,0,1
CML322/B73 NIL-1053A,CML322,CML322,TRUE,4,82826553.5,0.039069129009434,3,0,0,1
CML322/B73 NIL-1060,CML322,CML322,TRUE,2,30059138.5,0.0141788389150943,2,0,0,1
CML322/B73 NIL-1061,CML322,CML322,TRUE,2,7026303.5,0.00331429410377358,1,0,0,1
CML322/B73 NIL-1069,CML322,CML322,TRUE,2,5518404.5,0.00260302099056604,2,0,0,1
CML322/B73 NIL-1074,CML322,CML322,TRUE,2,5397496,0.00254598867924528,2,0,0,1
CML322/B73 NIL-1076,CML322,CML322,TRUE,3,11357426.5,0.0053572766509434,1,0,0,1
CML322/B73 NIL-1083,CML322,CML322,TRUE,4,32338474,0.0152539971698113,4,0,0,1
CML322/B73 NIL-1087,CML322,NA,FALSE,3,4020557,0.0018964891509434,NA,NA,NA,NA
CML322/B73 NIL-1094,CML322,CML322,TRUE,2,32558073,0.0153575816037736,1,0,0,1
CML322/B73 NIL-1097,CML322,CML333,FALSE,2,29902894,0.0141051386792453,2,2,0,1
CML322/B73 NIL-1098,CML322,CML322,TRUE,1,106073355,0.0500346014150943,1,0,0,1
CML322/B73 NIL-1101,CML322,CML322,TRUE,4,26112330,0.0123171367924528,2,0,0,1
CML322/B73 NIL-1103,CML322,CML322,TRUE,4,168625340.5,0.0795402549528302,3,0,0,1
CML322/B73 NIL-1144,CML322,CML333,FALSE,2,21099082,0.00995239716981132,1,1,0,1
CML322/B73 NIL-1146,CML322,CML277,FALSE,5,146123386.5,0.0689261257075472,5,5,0,1
CML322/B73 NIL-1147,CML322,CML322,TRUE,1,3065829,0.00144614575471698,1,0,0,1
CML322/B73 NIL-1169,CML322,NA,FALSE,1,519373.5,0.0002449875,NA,NA,NA,NA
CML322/B73 NIL-1174B,CML322,CML322,TRUE,3,4406821,0.0020786891509434,1,0,0,1
CML322/B73 NIL-1194,CML322,CML322,TRUE,2,25309901,0.0119386325471698,2,0,0,1
CML322/B73 NIL-1198,CML322,CML322,TRUE,2,30233654.5,0.0142611577830189,2,0,0,1
CML322/B73 NIL-1215,CML322,NA,FALSE,4,121421120.5,0.0572741134433962,4,0,4,0
CML322/B73 NIL-1217,CML322,NA,FALSE,2,3287590.5,0.00155075023584906,NA,NA,NA,NA
CML322/B73 NIL-1218,CML322,CML322,TRUE,2,32558073,0.0153575816037736,1,0,0,1
CML322/B73 NIL-1222,CML322,CML322,TRUE,2,26934513.5,0.0127049591981132,2,0,0,1
CML322/B73 NIL-1224,CML322,CML322,TRUE,1,8670725.5,0.00408996485849057,1,0,0,1
CML322/B73 NIL-1225,CML322,CML322,TRUE,3,10734307,0.00506335235849057,1,0,0,1
CML322/B73 NIL-1228,CML322,NA,FALSE,2,3304904,0.00155891698113208,NA,NA,NA,NA
CML322/B73 NIL-1229,CML322,CML333,FALSE,2,9636012.5,0.00454528891509434,2,2,0,1
CML322/B73 NIL-1234,CML322,CML322,TRUE,1,1320714.5,0.000622978537735849,1,0,0,1
CML322/B73 NIL-1242,CML322,CML322,TRUE,2,5141701.5,0.00242533089622641,1,0,0,1
CML322/B73 NIL-1245,CML322,CML322,TRUE,3,48523558,0.022888470754717,2,0,0,1
CML322/B73 NIL-1251,CML322,CML322,TRUE,3,31186703.5,0.0147107091981132,3,0,0,1
CML322/B73 NIL-1254,CML322,CML322,TRUE,4,137981108,0.0650854283018868,3,0,2,1
CML322/B73 NIL-1255,CML322,CML322,TRUE,4,127193956.5,0.0599971492924528,2,0,1,1
CML333/B73 NIL-1003,CML333,NA,FALSE,3,18828166,0.00888121037735849,2,0,2,0
CML333/B73 NIL-1008,CML333,CML333,TRUE,5,116936364.5,0.0551586625,2,0,0,1
CML333/B73 NIL-1009,CML333,CML333,TRUE,2,35882099,0.0169255183962264,1,0,0,1
CML333/B73 NIL-1013,CML333,CML333,TRUE,2,139629793.5,0.0658631101415094,2,0,0,1
CML333/B73 NIL-1014,CML333,CML333,TRUE,2,46126289.5,0.0217576837264151,2,0,0,1
CML333/B73 NIL-1015,CML333,CML333,TRUE,1,67854877.5,0.0320070176886792,1,0,0,1
CML333/B73 NIL-1031,CML333,CML333/Ki11,FALSE,5,81580693,0.0384814589622642,2,1,0,2
CML333/B73 NIL-1032,CML333,CML333,TRUE,2,9125883,0.00430466179245283,1,0,0,1
CML333/B73 NIL-1034,CML333,CML333,TRUE,2,9574914.5,0.00451646910377358,2,0,0,1
CML333/B73 NIL-1036,CML333,CML333,TRUE,4,16747670.5,0.0078998445754717,2,0,0,1
CML333/B73 NIL-1046,CML333,NA,FALSE,1,14650961,0.00691083066037736,1,0,1,0
CML333/B73 NIL-1047,CML333,CML333,TRUE,1,18160344.5,0.00856620023584906,1,0,0,1
CML333/B73 NIL-1048,CML333,CML333,TRUE,2,18998785.5,0.00896169127358491,1,0,0,1
CML333/B73 NIL-1052,CML333,CML333,TRUE,2,13178180.5,0.00621612287735849,2,0,1,1
CML333/B73 NIL-1055,CML333,CML333,TRUE,1,4310374.5,0.00203319551886792,1,0,0,1
CML333/B73 NIL-1061,CML333,CML333,TRUE,4,156561760,0.0738498867924528,2,0,0,1
CML333/B73 NIL-1075,CML333,CML333,TRUE,1,3945878.5,0.00186126344339623,1,0,0,1
CML333/B73 NIL-1077,CML333,CML333,TRUE,2,11673057.5,0.00550615919811321,2,0,0,1
CML333/B73 NIL-1081,CML333,CML322,FALSE,6,22959450,0.010829929245283,4,4,0,1
CML333/B73 NIL-1087,CML333,CML333,TRUE,1,4246857,0.00200323443396226,1,0,0,1
CML333/B73 NIL-1089,CML333,CML333,TRUE,4,24737465.5,0.0116686158018868,2,0,1,1
CML333/B73 NIL-1092,CML333,B73,FALSE,6,68266291.5,0.0322010808962264,5,3,2,1
CML333/B73 NIL-1104,CML333,CML333/B73,FALSE,6,63862419.5,0.0301237827830189,3,1,1,2
CML333/B73 NIL-1107,CML333,CML333,TRUE,3,21672080.5,0.0102226794811321,3,0,0,1
CML333/B73 NIL-1108,CML333,CML333,TRUE,3,32469530.5,0.0153158162735849,1,0,0,1
CML333/B73 NIL-1109A,CML333,CML333,TRUE,2,20436663.5,0.00963993561320755,2,0,0,1
CML333/B73 NIL-1109B,CML333,CML333,TRUE,3,71143774.5,0.0335583841981132,2,0,0,1
CML333/B73 NIL-1111,CML333,CML333,TRUE,1,8611610,0.00406208018867925,1,0,0,1
CML333/B73 NIL-1112A,CML333,B73/CML69,FALSE,3,10135396,0.00478084716981132,3,2,1,2
CML333/B73 NIL-1116,CML333,B73,FALSE,6,89994021,0.0424500099056604,2,2,0,1
CML333/B73 NIL-1119A,CML333,CML333,TRUE,7,146410324.5,0.0690614738207547,5,0,4,1
CML333/B73 NIL-1119B,CML333,CML333,TRUE,6,120981758.5,0.0570668672169811,5,0,4,1
CML333/B73 NIL-1122,CML333,CML333,TRUE,3,12399672,0.00584890188679245,2,0,0,1
CML333/B73 NIL-1124,CML333,CML333,TRUE,6,23268806.5,0.0109758521226415,4,0,0,1
CML333/B73 NIL-1127,CML333,CML333,TRUE,5,125602416.5,0.0592464228773585,3,0,0,1
CML333/B73 NIL-1131,CML333,CML333,TRUE,4,21849520.5,0.0103063775943396,3,0,0,1
CML333/B73 NIL-1136,CML333,CML333,TRUE,3,16952320.5,0.00799637759433962,2,0,0,1
CML333/B73 NIL-1143,CML333,CML333,TRUE,3,16952320.5,0.00799637759433962,2,0,0,1
CML333/B73 NIL-1145,CML333,CML333,TRUE,3,21111954.5,0.00995846910377358,1,0,0,1
CML333/B73 NIL-1156,CML333,CML333,TRUE,2,13495173.5,0.00636564787735849,1,0,0,1
CML333/B73 NIL-1170,CML333,CML333,TRUE,3,8392680.5,0.00395881155660377,2,0,0,1
CML333/B73 NIL-1174,CML333,CML333,TRUE,2,76181342.5,0.0359345955188679,1,0,0,1
CML333/B73 NIL-1182,CML333,CML333,TRUE,2,51169557,0.024136583490566,1,0,0,1
CML333/B73 NIL-1183,CML333,CML333,TRUE,3,152170216,0.0717784037735849,2,0,0,1
CML333/B73 NIL-1185,CML333,CML333,TRUE,5,122002708.5,0.0575484474056604,1,0,0,1
CML333/B73 NIL-1188A,CML333,CML333,TRUE,2,151538668,0.0714805037735849,2,0,0,1
CML333/B73 NIL-1193,CML333,CML333,TRUE,2,11986111.5,0.00565382617924528,1,0,0,1
CML333/B73 NIL-1199,CML333,CML333,TRUE,3,14011525.5,0.00660921014150943,3,0,0,1
CML333/B73 NIL-1201,CML333,CML333/B73,FALSE,4,15422030.5,0.00727454268867924,4,1,1,2
CML333/B73 NIL-1202B,CML333,CML333,TRUE,1,5410119.5,0.00255194316037736,1,0,0,1
CML333/B73 NIL-1209,CML333,CML333,TRUE,5,59798263,0.0282067278301887,4,0,2,1
CML333/B73 NIL-1217A,CML333,CML333,TRUE,3,43644533.5,0.0205870441037736,3,0,0,1
CML333/B73 NIL-1217B,CML333,CML333,TRUE,2,34701130,0.0163684575471698,2,0,1,1
CML333/B73 NIL-1220,CML333,CML333/B73,FALSE,3,41294005.5,0.0194783044811321,3,2,0,2
CML333/B73 NIL-1228,CML333,CML333,TRUE,3,40781434.5,0.0192365257075472,2,0,0,1
CML333/B73 NIL-1230,CML333,CML333,TRUE,4,17295990.5,0.00815848608490566,3,0,1,1
CML333/B73 NIL-1232,CML333,CML333,TRUE,2,10247657,0.00483380047169811,2,0,1,1
CML333/B73 NIL-1234,CML333,NA,FALSE,1,4648290.5,0.00219258985849057,1,0,1,0
CML333/B73 NIL-1243,CML333,CML333,TRUE,2,13342999.5,0.00629386768867925,2,0,0,1
CML333/B73 NIL-1253,CML333,CML333,TRUE,4,14235303,0.00671476556603774,3,0,0,1
CML333/B73 NIL-1260,CML333,CML333,TRUE,1,181078136.5,0.0854142153301887,1,0,0,1
CML333/B73 NIL-1263,CML333,NA,FALSE,3,2467333,0.00116383632075472,NA,NA,NA,NA
CML333/B73 NIL-1269,CML333,CML333,TRUE,2,5147305,0.00242797405660377,1,0,0,1
CML333/B73 NIL-1270,CML333,CML333,TRUE,2,5147270.5,0.00242795778301887,1,0,0,1
CML333/B73 NIL-1275,CML333,CML333,TRUE,3,40659458.5,0.0191789898584906,2,0,0,1
CML333/B73 NIL-1276,CML333,CML333,TRUE,1,12892464,0.00608135094339623,1,0,0,1
CML333/B73 NIL-1279,CML333,CML333,TRUE,1,28693007,0.0135344372641509,1,0,0,1
CML333/B73 NIL-1281,CML333,CML333,TRUE,3,40767676.5,0.0192300360849057,2,0,0,1
CML333/B73 NIL-1290,CML333,B73/CML333,FALSE,3,113876167.5,0.0537151733490566,2,1,0,2
CML333/B73 NIL-1293,CML333,CML333,TRUE,5,27353651.5,0.0129026658018868,4,0,0,1
CML333/B73 NIL-1296,CML333,CML333,TRUE,4,23185113,0.0109363740566038,3,0,0,1
CML333/B73 NIL-1307,CML333,CML333,TRUE,1,10645851,0.00502162783018868,1,0,0,1
CML333/B73 NIL-1312,CML333,CML333,TRUE,3,255829218.5,0.120674159669811,3,0,0,1
CML333/B73 NIL-1319,CML333,NC358,FALSE,3,10939909.5,0.00516033466981132,2,2,0,1
CML52/B73 NIL-1003,CML52,CML52,TRUE,3,15503618,0.00731302735849057,3,0,0,1
CML52/B73 NIL-1007,CML52,NC358,FALSE,2,10297534,0.00485732735849057,2,1,1,1
CML52/B73 NIL-1010A,CML52,CML52,TRUE,2,78063211,0.0368222693396226,1,0,0,1
CML52/B73 NIL-1010B,CML52,CML52,TRUE,3,80270090.5,0.0378632502358491,2,0,0,1
CML52/B73 NIL-1011,CML52,NA,FALSE,2,7753002.5,0.0036570766509434,2,0,2,0
CML52/B73 NIL-1015A,CML52,CML52,TRUE,1,90956544.5,0.0429040304245283,1,0,0,1
CML52/B73 NIL-1020,CML52,CML52,TRUE,2,77958617.5,0.0367729327830189,2,0,0,1
CML52/B73 NIL-1024,CML52,CML52,TRUE,2,22362252.5,0.0105482323113208,2,0,0,1
CML52/B73 NIL-1035,CML52,CML52,TRUE,4,90506613.5,0.0426917988207547,4,0,0,1
CML52/B73 NIL-1043,CML52,CML52,TRUE,4,124097916.5,0.0585367530660377,2,0,0,1
CML52/B73 NIL-1060,CML52,NA,FALSE,2,3675037,0.00173350801886792,1,0,1,0
CML52/B73 NIL-1063,CML52,NC358,FALSE,4,173192575,0.0816946108490566,3,3,0,1
CML52/B73 NIL-1065,CML52,NC358,FALSE,6,114626026,0.0540688801886792,4,3,1,1
CML52/B73 NIL-1069,CML52,NC358,FALSE,6,93081145,0.0439062004716981,4,3,1,1
CML52/B73 NIL-1070,CML52,NC358,FALSE,4,45225532.5,0.0213327983490566,2,2,0,1
CML52/B73 NIL-1076,CML52,CML52,TRUE,6,16493041.5,0.00777973655660377,3,0,1,1
CML52/B73 NIL-1079,CML52,NC358,FALSE,5,13211934.5,0.0062320445754717,2,2,0,1
CML52/B73 NIL-1083,CML52,NC358,FALSE,5,10776397,0.00508320613207547,2,2,0,1
CML52/B73 NIL-1086,CML52,NC358/B73,FALSE,6,55216750.5,0.0260456370283019,3,3,0,2
CML52/B73 NIL-1088,CML52,NC358,FALSE,1,6652527,0.00313798443396226,1,1,0,1
CML52/B73 NIL-1103,CML52,CML52,TRUE,4,33498438.5,0.0158011502358491,3,0,1,1
CML52/B73 NIL-1112,CML52,NA,FALSE,2,982709.5,0.000463542216981132,NA,NA,NA,NA
CML52/B73 NIL-1114,CML52,NA,FALSE,3,1002947,0.00047308820754717,NA,NA,NA,NA
CML52/B73 NIL-1117,CML52,CML52,TRUE,3,105032552,0.0495436566037736,2,0,1,1
CML52/B73 NIL-1127,CML52,NC358,FALSE,4,39210520.5,0.0184955285377358,3,3,0,1
CML52/B73 NIL-1134,CML52,Oh43,FALSE,5,164740800,0.0777079245283019,2,1,1,1
CML52/B73 NIL-1160,CML52,CML52,TRUE,2,40245999,0.0189839617924528,2,0,1,1
CML52/B73 NIL-1164,CML52,NC358,FALSE,3,131019143,0.0618014825471698,2,2,0,1
CML52/B73 NIL-1165,CML52,NC358/CML52,FALSE,4,26134943.5,0.0123278035377358,3,1,0,2
CML52/B73 NIL-1167,CML52,NA,FALSE,1,7428929,0.00350421179245283,1,0,1,0
CML52/B73 NIL-1168,CML52,B73,FALSE,6,67606428.5,0.0318898247641509,5,2,3,1
CML52/B73 NIL-1175,CML52,NC358,FALSE,5,37199676,0.0175470169811321,2,1,1,1
CML52/B73 NIL-1181,CML52,NC358,FALSE,7,35277063,0.0166401240566038,4,2,2,1
CML52/B73 NIL-1192,CML52,NC358,FALSE,3,23356114,0.0110170349056604,1,1,0,1
CML52/B73 NIL-1204,CML52,CML69,FALSE,4,172446998.5,0.0813429238207547,3,3,0,1
CML52/B73 NIL-1207,CML52,Oh43,FALSE,1,28498201.5,0.0134425478773585,1,1,0,1
CML52/B73 NIL-1209,CML52,CML69,FALSE,4,137070037.5,0.0646556780660377,2,2,0,1
CML52/B73 NIL-1214A,CML52,NC358,FALSE,4,65331400.5,0.0308166983490566,1,1,0,1
CML52/B73 NIL-1214B,CML52,NC358,FALSE,4,18034026,0.00850661603773585,2,1,1,1
CML52/B73 NIL-1228,CML52,NC350/CML52,FALSE,3,25971938,0.0122509141509434,2,1,0,2
CML52/B73 NIL-1233,CML52,NA,FALSE,3,43350362.5,0.0204482841981132,1,0,1,0
CML52/B73 NIL-1235,CML52,NA,FALSE,2,41820612.5,0.019726704009434,1,0,1,0
CML52/B73 NIL-1236,CML52,NA,FALSE,3,42512310,0.0200529764150943,1,0,1,0
CML52/B73 NIL-1237,CML52,Tx303,FALSE,3,24102155.5,0.0113689412735849,3,3,0,1
CML52/B73 NIL-1244,CML52,NC358,FALSE,4,5649079.5,0.00266466014150943,1,1,0,1
CML52/B73 NIL-1271,CML52,NC358,FALSE,2,10502984,0.00495423773584906,1,1,0,1
CML52/B73 NIL-1287,CML52,Oh43,FALSE,4,108020216,0.0509529320754717,3,3,0,1
CML52/B73 NIL-1292,CML52,CML52,TRUE,2,13812083.5,0.00651513372641509,1,0,0,1
CML52/B73 NIL-1294,CML52,CML52,TRUE,3,965988.5,0.000455654952830189,1,0,0,1
CML52/B73 NIL-1313,CML52,NA,FALSE,1,1215573,0.000573383490566038,NA,NA,NA,NA
CML52/B73 NIL-1314,CML52,NC358/B73,FALSE,3,11557493,0.00545164764150943,3,3,0,2
CML52/B73 NIL-1317,CML52,NC358,FALSE,2,31998548.5,0.0150936549528302,2,2,0,1
CML52/B73 NIL-1319,CML52,NC358,FALSE,2,76082359.5,0.0358879054245283,1,1,0,1
CML52/B73 NIL-1321,CML52,CML52/Tzi8,FALSE,6,45884017.5,0.0216434044811321,4,1,0,2
CML52/B73 NIL-1322,CML52,CML52,TRUE,4,106137012,0.0500646283018868,2,0,1,1
CML52/B73 NIL-1327,CML52,Oh43,FALSE,1,106270281.5,0.0501274912735849,1,1,0,1
CML52/B73 NIL-1357,CML52,NA,FALSE,1,28718292.5,0.0135463643867925,1,0,1,0
CML69/B73 NIL-1002,CML69,CML69,TRUE,5,111067785.5,0.0523904648584906,2,0,0,1
CML69/B73 NIL-1005,CML69,Oh43,FALSE,2,10093450,0.00476106132075472,1,1,0,1
CML69/B73 NIL-1007,CML69,CML69,TRUE,2,28529917.5,0.013457508254717,2,0,0,1
CML69/B73 NIL-1016,CML69,CML69,TRUE,5,15216207,0.00717745613207547,4,0,3,1
CML69/B73 NIL-1018,CML69,CML69,TRUE,4,29836735,0.0140739316037736,2,0,0,1
CML69/B73 NIL-1019,CML69,CML69,TRUE,3,29562714,0.0139446764150943,2,0,1,1
CML69/B73 NIL-1026,CML69,CML69,TRUE,7,77049944.5,0.0363443134433962,2,0,0,1
CML69/B73 NIL-1029,CML69,Ki11,FALSE,8,173540985,0.0818589551886792,4,2,2,1
CML69/B73 NIL-1038,CML69,CML69,TRUE,4,143866726.5,0.0678616634433962,1,0,0,1
CML69/B73 NIL-1042,CML69,CML69,TRUE,1,3568205,0.00168311556603774,1,0,0,1
CML69/B73 NIL-1046,CML69,NA,FALSE,1,1488794.5,0.000702261556603774,NA,NA,NA,NA
CML69/B73 NIL-1050,CML69,CML69,TRUE,3,131434175.5,0.0619972525943396,1,0,0,1
CML69/B73 NIL-1063,CML69,CML69,TRUE,2,148006584,0.0698144264150943,1,0,0,1
CML69/B73 NIL-1065,CML69,CML69,TRUE,5,189925164,0.089587341509434,3,0,0,1
CML69/B73 NIL-1066,CML69,CML69,TRUE,4,150581278.5,0.0710289049528302,2,0,0,1
CML69/B73 NIL-1068,CML69,NA,FALSE,2,2562491,0.00120872216981132,1,0,1,0
CML69/B73 NIL-1070,CML69,Ki3,FALSE,1,2234282.5,0.00105390683962264,1,1,0,1
CML69/B73 NIL-1073,CML69,Oh43,FALSE,4,157789430.5,0.0744289766509434,2,1,1,1
CML69/B73 NIL-1077,CML69,CML69,TRUE,4,28725710,0.0135498632075472,2,0,1,1
CML69/B73 NIL-1079,CML69,CML69/B73/Mo17,FALSE,11,34235532.5,0.0161488360849057,5,3,1,3
CML69/B73 NIL-1081,CML69,Mo17/CML69,FALSE,12,225210277.5,0.106231262971698,7,4,0,2
CML69/B73 NIL-1090,CML69,CML69,TRUE,5,7501398.5,0.00353839551886792,2,0,1,1
CML69/B73 NIL-1091,CML69,CML69,TRUE,6,8201893.5,0.00386881768867925,2,0,0,1
CML69/B73 NIL-1094,CML69,NA,FALSE,2,16999784,0.00801876603773585,1,0,1,0
CML69/B73 NIL-1096,CML69,NA,FALSE,2,2113468,0.000996918867924528,1,0,1,0
CML69/B73 NIL-1116,CML69,CML69,TRUE,6,17877338,0.00843270660377358,3,0,0,1
CML69/B73 NIL-1117,CML69,CML69,TRUE,4,90415220,0.0426486886792453,2,0,0,1
CML69/B73 NIL-1122,CML69,CML69,TRUE,2,3757242,0.00177228396226415,1,0,0,1
CML69/B73 NIL-1135A,CML69,CML69/CML228,FALSE,5,25640348.5,0.012094504009434,4,1,0,2
CML69/B73 NIL-1145,CML69,CML69,TRUE,6,29465529.5,0.0138988346698113,5,0,0,1
CML69/B73 NIL-1162,CML69,CML69,TRUE,5,98514453.5,0.0464690818396226,3,0,1,1
CML69/B73 NIL-1167,CML69,CML69,TRUE,6,131455741,0.062007425,2,0,0,1
CML69/B73 NIL-1176,CML69,CML69,TRUE,4,5126205,0.00241802122641509,2,0,1,1
CML69/B73 NIL-1178,CML69,CML69,TRUE,4,17948670.5,0.00846635400943396,4,0,0,1
CML69/B73 NIL-1185,CML69,CML69/CML103,FALSE,7,196152605,0.0925248136792453,6,4,0,2
CML69/B73 NIL-1189,CML69,Oh43,FALSE,2,5792591.5,0.00273235448113208,2,1,1,1
CML69/B73 NIL-1194,CML69,CML69,TRUE,4,96834455.5,0.0456766299528302,2,0,0,1
CML69/B73 NIL-1199,CML69,CML69,TRUE,2,9562865.5,0.00451078561320755,1,0,0,1
CML69/B73 NIL-1206,CML69,CML69,TRUE,2,7501510.5,0.0035384483490566,1,0,0,1
CML69/B73 NIL-1214,CML69,CML69,TRUE,2,11377897,0.00536693254716981,2,0,1,1
CML69/B73 NIL-1219,CML69,CML69,TRUE,5,5569549,0.00262714575471698,1,0,0,1
CML69/B73 NIL-1221,CML69,CML69,TRUE,5,30164397.5,0.0142284893867925,2,0,0,1
CML69/B73 NIL-1227,CML69,CML69,TRUE,2,427271.5,0.000201543160377358,1,0,0,1
CML69/B73 NIL-1232,CML69,NC358,FALSE,2,10372682,0.00489277452830189,1,1,0,1
CML69/B73 NIL-1237,CML69,CML69,TRUE,3,24047931,0.0113433636792453,1,0,0,1
CML69/B73 NIL-1239A,CML69,CML69,TRUE,1,20942583,0.00987857688679245,1,0,0,1
CML69/B73 NIL-1239B,CML69,CML69,TRUE,1,20952326.5,0.00988317287735849,1,0,0,1
Ki11/B73 NIL-1001,Ki11,Ki11,TRUE,2,11609376.5,0.00547612099056604,1,0,0,1
Ki11/B73 NIL-1006,Ki11,Ki11,TRUE,4,65446441,0.0308709627358491,4,0,0,1
Ki11/B73 NIL-1015,Ki11,Ki11,TRUE,6,19926548,0.00939931509433962,4,0,0,1
Ki11/B73 NIL-1018,Ki11,Ki11,TRUE,4,14293627.5,0.00674227712264151,1,0,0,1
Ki11/B73 NIL-1032,Ki11,Ki11,TRUE,4,20842819,0.00983151839622642,3,0,0,1
Ki11/B73 NIL-1038,Ki11,NC358/B73,FALSE,2,8526358.5,0.00402186721698113,2,2,0,2
Ki11/B73 NIL-1039A,Ki11,Ki11,TRUE,3,139943022,0.0660108594339623,1,0,0,1
Ki11/B73 NIL-1039B,Ki11,Ki11,TRUE,2,141181500.5,0.0665950474056604,1,0,0,1
Ki11/B73 NIL-1046,Ki11,Ki11,TRUE,1,144388867,0.0681079561320755,1,0,0,1
Ki11/B73 NIL-1054,Ki11,Ki11,TRUE,1,162561710,0.0766800518867925,1,0,0,1
Ki11/B73 NIL-1059,Ki11,Ki11,TRUE,5,37610197.5,0.0177406591981132,5,0,1,1
Ki11/B73 NIL-1062A,Ki11,Ki11,TRUE,1,37950748.5,0.0179012964622642,1,0,0,1
Ki11/B73 NIL-1063,Ki11,Ki11,TRUE,4,346370311.5,0.16338222240566,3,0,0,1
Ki11/B73 NIL-1066,Ki11,Ki11,TRUE,6,26322639.5,0.0124163393867925,4,0,0,1
Ki11/B73 NIL-1080,Ki11,Ki11,TRUE,2,9053157,0.0042703570754717,2,0,0,1
Ki11/B73 NIL-1081,Ki11,Ki11,TRUE,1,8906106,0.00420099339622642,1,0,0,1
Ki11/B73 NIL-1086,Ki11,Ki11,TRUE,3,59596237.5,0.0281114327830189,2,0,0,1
Ki11/B73 NIL-1090,Ki11,Ki11,TRUE,4,125155224.5,0.059035483254717,2,0,1,1
Ki11/B73 NIL-1097A,Ki11,Ki11,TRUE,3,168705915,0.0795782617924528,2,0,0,1
Ki11/B73 NIL-1097B,Ki11,Ki11,TRUE,2,168664350.5,0.0795586558962264,2,0,0,1
Ki11/B73 NIL-1104,Ki11,Ki11,TRUE,3,6868188,0.00323971132075472,1,0,0,1
Ki11/B73 NIL-1106,Ki11,Ki11,TRUE,3,90978393.5,0.0429143365566038,3,0,0,1
Ki11/B73 NIL-1112,Ki11,Ki11,TRUE,1,5944873.5,0.00280418561320755,1,0,0,1
Ki11/B73 NIL-1115,Ki11,Ki11,TRUE,3,23343083,0.0110108882075472,2,0,0,1
Ki11/B73 NIL-1117A,Ki11,Ki11,TRUE,7,26411968.5,0.0124584757075472,3,0,0,1
Ki11/B73 NIL-1117B,Ki11,Ki11,TRUE,5,26419053,0.0124618174528302,3,0,1,1
Ki11/B73 NIL-1123,Ki11,Mo17/Ki11,FALSE,4,146225747.5,0.0689744091981132,3,2,0,2
Ki11/B73 NIL-1125,Ki11,Ki11/Mo17,FALSE,7,58523461,0.0276054061320755,4,1,2,2
Ki11/B73 NIL-1128,Ki11,Mo17/Ki11/Oh43,FALSE,12,101816631.5,0.0480267129716981,10,5,3,3
Ki11/B73 NIL-1129A,Ki11,Ki11/Mo17/Oh43,FALSE,7,166700541,0.0786323306603774,7,4,2,3
Ki11/B73 NIL-1129B,Ki11,Ki11/Mo17/Oh43,FALSE,9,199567552.5,0.0941356379716981,9,4,3,3
Ki11/B73 NIL-1134,Ki11,Ki11,TRUE,1,20702670.5,0.00976541061320755,1,0,0,1
Ki11/B73 NIL-1147,Ki11,Ki11,TRUE,6,52474259,0.0247520089622641,3,0,0,1
Ki11/B73 NIL-1153,Ki11,Ki11,TRUE,5,138677944,0.0654141245283019,3,0,1,1
Ki11/B73 NIL-1161,Ki11,Ki11,TRUE,4,35667235.5,0.0168241676886792,2,0,0,1
Ki11/B73 NIL-1164,Ki11,Ki11,TRUE,2,15470657,0.00729747971698113,2,0,0,1
Ki11/B73 NIL-1165,Ki11,Ki11,TRUE,2,10731980,0.00506225471698113,1,0,0,1
Ki11/B73 NIL-1169,Ki11,Ki11/B73,FALSE,5,127377213.5,0.0600835912735849,4,1,0,2
Ki11/B73 NIL-1177,Ki11,Ki11,TRUE,3,9272536.5,0.00437383797169811,2,0,1,1
Ki11/B73 NIL-1180,Ki11,Ki11,TRUE,3,138568754.5,0.0653626200471698,3,0,0,1
Ki11/B73 NIL-1193,Ki11,Ki11,TRUE,4,21124993,0.00996461933962264,3,0,0,1
Ki11/B73 NIL-1212,Ki11,Ki11,TRUE,10,361484771.5,0.170511684669811,4,0,0,1
Ki11/B73 NIL-1228,Ki11,Ki11,TRUE,3,12995950,0.00613016509433962,1,0,0,1
Ki11/B73 NIL-1233,Ki11,Ki3,FALSE,3,89633045,0.0422797382075472,2,2,0,1
Ki3/B73 NIL-1007,Ki3,Ki3,TRUE,2,24710192.5,0.0116557511792453,2,0,1,1
Ki3/B73 NIL-1016,Ki3,Ki3,TRUE,3,18514885,0.00873343632075472,2,0,0,1
Ki3/B73 NIL-1024,Ki3,Ki11,FALSE,3,126398238,0.0596218103773585,2,2,0,1
Ki3/B73 NIL-1025,Ki3,Ki11,FALSE,2,9900029.5,0.00466982523584906,2,2,0,1
Ki3/B73 NIL-1028,Ki3,Ki3,TRUE,1,4387081,0.00206937783018868,1,0,0,1
Ki3/B73 NIL-1030,Ki3,Ki3,TRUE,3,11136351,0.00525299575471698,2,0,0,1
Ki3/B73 NIL-1034,Ki3,NA,FALSE,3,7249022,0.00341935,1,0,1,0
Ki3/B73 NIL-1043A,Ki3,Mo17/Ki3,FALSE,5,137397745.5,0.0648102573113208,2,1,0,2
Ki3/B73 NIL-1083,Ki3,Ki11,FALSE,2,4764259.5,0.00224729221698113,2,2,0,1
Ki3/B73 NIL-1107,Ki3,B73,FALSE,3,7239202,0.0034147179245283,2,1,1,1
Ki3/B73 NIL-1119,Ki3,Mo17,FALSE,5,44157110,0.0208288254716981,4,3,1,1
Ki3/B73 NIL-1123,Ki3,Mo17,FALSE,2,7745303,0.00365344481132075,1,1,0,1
Ki3/B73 NIL-1128,Ki3,Ki3,TRUE,2,7750904.5,0.00365608702830189,2,0,0,1
Ki3/B73 NIL-1144,Ki3,Ki3,TRUE,3,40581318.5,0.0191421313679245,3,0,0,1
Ki3/B73 NIL-1163,Ki3,Ki3,TRUE,2,15178361,0.00715960424528302,1,0,0,1
Ki3/B73 NIL-1185,Ki3,Mo17/Ki3,FALSE,6,94831010.5,0.0447316087264151,4,1,1,2
Ki3/B73 NIL-1186,Ki3,Mo17/Ki3,FALSE,4,56677991,0.0267349014150943,3,1,0,2
Ki3/B73 NIL-1191,Ki3,Ki3,TRUE,5,65145012,0.030728779245283,5,0,1,1
Ki3/B73 NIL-1194,Ki3,Ki3,TRUE,3,69813084,0.0329307,3,0,0,1
Ki3/B73 NIL-1199,Ki3,Ki3,TRUE,3,107487318,0.0507015650943396,3,0,0,1
Ki3/B73 NIL-1203,Ki3,Ki3,TRUE,3,18072140.5,0.0085245945754717,1,0,0,1
Ki3/B73 NIL-1215,Ki3,Ki3/Mo17,FALSE,6,131103050,0.0618410613207547,4,2,0,2
Ki3/B73 NIL-1219,Ki3,Ki3,TRUE,2,80882363,0.0381520580188679,2,0,0,1
Ki3/B73 NIL-1221,Ki3,Ki3,TRUE,1,6192597,0.00292103632075472,1,0,0,1
Ki3/B73 NIL-1237,Ki3,Ki3,TRUE,2,16843732,0.00794515660377359,2,0,0,1
Ki3/B73 NIL-1240,Ki3,NA,FALSE,2,590744,0.000278652830188679,NA,NA,NA,NA
Ki3/B73 NIL-1244,Ki3,Mo17,FALSE,1,6228934,0.00293817641509434,1,1,0,1
Ki3/B73 NIL-1258,Ki3,Ki11,FALSE,8,61598903.5,0.0290560865566038,5,5,0,1
Ki3/B73 NIL-1267,Ki3,NA,FALSE,2,3152719.5,0.00148713183962264,NA,NA,NA,NA
M162W/B73 NIL-1005,M162W,M162W,TRUE,2,12759130.5,0.00601845778301887,2,0,0,1
M162W/B73 NIL-1013,M162W,M162W,TRUE,3,126262592.5,0.0595578266509434,2,0,0,1
M162W/B73 NIL-1018,M162W,M162W,TRUE,2,8628462,0.00407002924528302,2,0,0,1
M162W/B73 NIL-1044,M162W,M162W,TRUE,2,18278270.5,0.00862182570754717,2,0,0,1
M162W/B73 NIL-1050,M162W,M162W,TRUE,4,46887844,0.0221169075471698,3,0,0,1
M162W/B73 NIL-1056,M162W,M162W,TRUE,3,16279924.5,0.00767920966981132,2,0,0,1
M162W/B73 NIL-1058,M162W,M162W,TRUE,4,61997152,0.0292439396226415,3,0,0,1
M162W/B73 NIL-1089,M162W,M162W,TRUE,2,161608998.5,0.0762306596698113,2,0,0,1
M162W/B73 NIL-1105,M162W,M162W,TRUE,2,37179111.5,0.017537316745283,2,0,0,1
M162W/B73 NIL-1120,M162W,M162W,TRUE,3,22950757.5,0.010825829009434,3,0,0,1
M162W/B73 NIL-1136,M162W,M162W,TRUE,3,138011724,0.0650998698113208,2,0,0,1
M162W/B73 NIL-1160,M162W,M162W,TRUE,3,27331938.5,0.0128924238207547,2,0,0,1
M162W/B73 NIL-1201,M162W,M162W,TRUE,2,45753634.5,0.0215819030660377,2,0,0,1
M162W/B73 NIL-1207,M162W,M162W,TRUE,3,13409520,0.00632524528301887,2,0,0,1
M162W/B73 NIL-1232,M162W,M162W,TRUE,2,112700905.5,0.0531608044811321,2,0,0,1
M162W/B73 NIL-1233,M162W,M162W,TRUE,3,106942494,0.0504445726415094,3,0,0,1
M162W/B73 NIL-1247,M162W,M162W,TRUE,2,19843531,0.00936015613207547,2,0,0,1
M162W/B73 NIL-1254,M162W,M162W,TRUE,3,146122745.5,0.0689258233490566,2,0,0,1
Mo17/B73 NIL-1015,Mo17,Mo17,TRUE,1,5992261.5,0.00282653844339623,1,0,0,1
Mo17/B73 NIL-1035,Mo17,Mo17,TRUE,3,9685970.5,0.00456885400943396,1,0,0,1
Mo17/B73 NIL-1076,Mo17,Mo17,TRUE,2,14220940.5,0.00670799080188679,1,0,0,1
Mo17/B73 NIL-1114,Mo17,Mo17,TRUE,2,52823990,0.0249169764150943,2,0,0,1
Mo17/B73 NIL-1163,Mo17,Mo17,TRUE,5,32628492,0.0153907981132075,3,0,0,1
Mo17/B73 NIL-1209,Mo17,Mo17,TRUE,4,15743918.5,0.0074263766509434,2,0,1,1
Mo17/B73 NIL-1213,Mo17,Mo17,TRUE,1,17987108.5,0.00848448514150943,1,0,0,1
Mo17/B73 NIL-1214,Mo17,Mo17,TRUE,3,4370838.5,0.00206171627358491,1,0,0,1
Mo17/B73 NIL-1215,Mo17,Mo17,TRUE,6,18375798.5,0.00866782948113208,3,0,0,1
Mo17/B73 NIL-1217,Mo17,Mo17,TRUE,1,6247501.5,0.00294693466981132,1,0,0,1
Mo17/B73 NIL-1218,Mo17,Mo17,TRUE,1,5416018.5,0.00255472570754717,1,0,0,1
Mo17/B73 NIL-1231,Mo17,Mo17,TRUE,2,18778240.5,0.00885766061320755,1,0,0,1
Mo17/B73 NIL-1243,Mo17,Mo17,TRUE,3,4412311.5,0.00208127900943396,2,0,0,1
Mo17/B73 NIL-1244,Mo17,Mo17,TRUE,2,12827576,0.00605074339622642,1,0,0,1
Mo17/B73 NIL-1250,Mo17,Mo17,TRUE,4,105336323,0.0496869448113208,3,0,0,1
Mo17/B73 NIL-1251A,Mo17,Mo17,TRUE,3,96876717.5,0.0456965648584906,1,0,0,1
Mo17/B73 NIL-1251B,Mo17,Mo17,TRUE,2,101042469,0.0476615419811321,1,0,0,1
Mo17/B73 NIL-1265,Mo17,Mo17,TRUE,3,121069201,0.0571081136792453,2,0,1,1
Mo17/B73 NIL-1266,Mo17,Mo17,TRUE,3,119672807,0.0564494372641509,2,0,0,1
Mo17/B73 NIL-1270,Mo17,Mo17,TRUE,3,44970993.5,0.0212127327830189,3,0,0,1
Mo17/B73 NIL-1288,Mo17,Mo17,TRUE,3,21278198.5,0.0100368860849057,2,0,0,1
Mo17/B73 NIL-1291,Mo17,NA,FALSE,2,14740779,0.00695319764150943,1,0,1,0
Mo17/B73 NIL-1301,Mo17,Mo18W,FALSE,6,34545505.5,0.0162950497641509,2,2,0,1
Mo17/B73 NIL-1306,Mo17,NC358,FALSE,2,7597904.5,0.00358391721698113,2,1,1,1
Mo17/B73 NIL-1307,Mo17,Mo17,TRUE,3,98666120,0.0465406226415094,3,0,0,1
Mo17/B73 NIL-1314,Mo17,Oh43/B73,FALSE,4,162446860.5,0.0766258775943396,4,3,1,2
Mo18W/B73 NIL-1001,Mo18W,Mo18W,TRUE,4,22702308.5,0.0107086360849057,3,0,0,1
Mo18W/B73 NIL-1003,Mo18W,Mo18W,TRUE,1,22432911.5,0.0105815620283019,1,0,0,1
Mo18W/B73 NIL-1004,Mo18W,Mo18W,TRUE,1,5784306.5,0.00272844646226415,1,0,0,1
Mo18W/B73 NIL-1005,Mo18W,Mo18W,TRUE,1,10537098,0.00497032924528302,1,0,0,1
Mo18W/B73 NIL-1008,Mo18W,Mo18W,TRUE,2,18196402,0.00858320849056604,1,0,0,1
Mo18W/B73 NIL-1011,Mo18W,Mo18W,TRUE,2,38733998.5,0.018270754009434,2,0,0,1
Mo18W/B73 NIL-1012,Mo18W,Mo18W,TRUE,2,38600477,0.0182077721698113,2,0,0,1
Mo18W/B73 NIL-1013A,Mo18W,Mo18W,TRUE,4,63357635.5,0.0298856771226415,2,0,0,1
Mo18W/B73 NIL-1015,Mo18W,Mo18W,TRUE,2,9112745,0.00429846462264151,1,0,0,1
Mo18W/B73 NIL-1016A,Mo18W,Mo18W,TRUE,4,35635326.5,0.0168091162735849,3,0,0,1
Mo18W/B73 NIL-1016B,Mo18W,Mo18W,TRUE,3,36043959.5,0.0170018676886792,2,0,0,1
Mo18W/B73 NIL-1017B,Mo18W,Mo18W,TRUE,2,57659002,0.0271976424528302,1,0,0,1
Mo18W/B73 NIL-1018,Mo18W,Mo18W,TRUE,2,86682178.5,0.0408878200471698,2,0,0,1
Mo18W/B73 NIL-1020A,Mo18W,Mo18W,TRUE,2,58705779,0.0276914051886792,2,0,0,1
Mo18W/B73 NIL-1020B,Mo18W,Mo18W,TRUE,4,49142618,0.0231804801886792,3,0,1,1
Mo18W/B73 NIL-1023,Mo18W,Mo18W,TRUE,3,6776733,0.00319657216981132,2,0,0,1
Mo18W/B73 NIL-1024,Mo18W,Mo18W,TRUE,2,17037507,0.00803655990566038,2,0,0,1
Mo18W/B73 NIL-1026,Mo18W,Mo18W/B73,FALSE,4,31180406,0.0147077386792453,3,1,0,2
Mo18W/B73 NIL-1028A,Mo18W,Mo18W,TRUE,3,17359399,0.00818839575471698,2,0,0,1
Mo18W/B73 NIL-1029,Mo18W,Mo18W,TRUE,3,28769741.5,0.0135706327830189,2,0,0,1
Mo18W/B73 NIL-1031,Mo18W,Mo18W,TRUE,1,23865831,0.0112574674528302,1,0,0,1
Mo18W/B73 NIL-1033,Mo18W,Mo18W,TRUE,2,15042153,0.00709535518867925,2,0,1,1
Mo18W/B73 NIL-1035,Mo18W,Mo18W,TRUE,1,8613108.5,0.00406278702830189,1,0,0,1
Mo18W/B73 NIL-1037,Mo18W,Mo18W,TRUE,1,8662179.5,0.00408593372641509,1,0,0,1
Mo18W/B73 NIL-1043,Mo18W,NA,FALSE,1,889758.5,0.000419697405660377,NA,NA,NA,NA
Mo18W/B73 NIL-1045,Mo18W,Mo18W,TRUE,3,133896948.5,0.0631589379716981,3,0,0,1
Mo18W/B73 NIL-1053,Mo18W,Mo18W,TRUE,2,23595545.5,0.0111299742924528,2,0,0,1
Mo18W/B73 NIL-1054,Mo18W,Mo18W,TRUE,3,135688672,0.0640040905660377,2,0,0,1
Mo18W/B73 NIL-1058A,Mo18W,Mo18W,TRUE,4,14116672.5,0.00665880778301887,4,0,0,1
Mo18W/B73 NIL-1058B,Mo18W,Mo18W,TRUE,4,13734730,0.00647864622641509,3,0,0,1
Mo18W/B73 NIL-1065,Mo18W,Mo17,FALSE,7,145370610,0.0685710424528302,5,5,0,1
Mo18W/B73 NIL-1067,Mo18W,Mo18W,TRUE,2,27691018.5,0.0130618011792453,2,0,0,1
Mo18W/B73 NIL-1068,Mo18W,M162W/Mo18W,FALSE,2,5594053.5,0.00263870448113208,2,1,0,2
Mo18W/B73 NIL-1074,Mo18W,Mo18W,TRUE,1,5050517.5,0.0023823195754717,1,0,0,1
Mo18W/B73 NIL-1078,Mo18W,Mo18W,TRUE,1,3533167.5,0.00166658844339623,1,0,0,1
Mo18W/B73 NIL-1081,Mo18W,Mo18W,TRUE,4,43992356,0.0207511113207547,3,0,1,1
Mo18W/B73 NIL-1085,Mo18W,Mo18W,TRUE,2,26901398,0.0126893386792453,2,0,0,1
Mo18W/B73 NIL-1089A,Mo18W,Mo18W,TRUE,2,25172202.5,0.0118736804245283,2,0,0,1
Mo18W/B73 NIL-1089B,Mo18W,Mo18W,TRUE,3,25539308.5,0.0120468436320755,2,0,0,1
Mo18W/B73 NIL-1092,Mo18W,Mo18W,TRUE,1,8104413,0.00382283632075472,1,0,0,1
Mo18W/B73 NIL-1093,Mo18W,Mo18W,TRUE,1,7942931.5,0.00374666580188679,1,0,0,1
Mo18W/B73 NIL-1095,Mo18W,Mo18W,TRUE,3,155238521.5,0.0732257176886792,2,0,0,1
Mo18W/B73 NIL-1096,Mo18W,Mo18W,TRUE,2,23549007.5,0.0111080224056604,2,0,0,1
Mo18W/B73 NIL-1099,Mo18W,B73,FALSE,7,110846391.5,0.0522860337264151,7,1,6,1
Mo18W/B73 NIL-1104A,Mo18W,Mo18W,TRUE,2,3544615.5,0.00167198844339623,1,0,0,1
Mo18W/B73 NIL-1104B,Mo18W,Mo18W,TRUE,1,3236762,0.00152677452830189,1,0,0,1
Mo18W/B73 NIL-1105,Mo18W,NC358,FALSE,1,5825284,0.00274777547169811,1,1,0,1
Mo18W/B73 NIL-1106,Mo18W,Oh43/Mo18W,FALSE,7,108784129.5,0.0513132686320755,5,1,3,2
Mo18W/B73 NIL-1108,Mo18W,Mo18W,TRUE,3,81933913.5,0.0386480724056604,2,0,0,1
Mo18W/B73 NIL-1109,Mo18W,Mo18W,TRUE,2,17637616,0.00831963018867925,2,0,0,1
Mo18W/B73 NIL-1111,Mo18W,NA,FALSE,2,1997394.5,0.000942167216981132,NA,NA,NA,NA
Mo18W/B73 NIL-1115,Mo18W,Mo18W,TRUE,4,12456457.5,0.0058756875,1,0,0,1
Mo18W/B73 NIL-1116A,Mo18W,Mo18W,TRUE,3,62270267,0.0293727674528302,2,0,0,1
Mo18W/B73 NIL-1116B,Mo18W,Mo18W,TRUE,2,63340638,0.0298776594339623,2,0,0,1
Mo18W/B73 NIL-1117,Mo18W,Mo18W,TRUE,2,49268008,0.0232396264150943,2,0,1,1
Mo18W/B73 NIL-1118,Mo18W,Mo18W,TRUE,1,57868019,0.0272962353773585,1,0,0,1
Mo18W/B73 NIL-1120,Mo18W,Mo18W,TRUE,1,4665071.5,0.0022005054245283,1,0,0,1
Mo18W/B73 NIL-1121,Mo18W,Mo18W,TRUE,2,3972211,0.00187368443396226,1,0,0,1
Mo18W/B73 NIL-1127,Mo18W,Mo18W,TRUE,3,34521935.5,0.0162839318396226,1,0,0,1
Mo18W/B73 NIL-1130,Mo18W,Mo18W,TRUE,3,116942266,0.0551614462264151,3,0,2,1
Mo18W/B73 NIL-1131,Mo18W,Mo18W,TRUE,2,4997721.5,0.00235741580188679,1,0,0,1
Mo18W/B73 NIL-1135,Mo18W,Mo18W,TRUE,1,99844051,0.0470962504716981,1,0,0,1
Mo18W/B73 NIL-1138,Mo18W,Mo18W,TRUE,3,10542044,0.00497266226415094,3,0,0,1
Mo18W/B73 NIL-1141,Mo18W,NA,FALSE,1,235194,0.000110940566037736,NA,NA,NA,NA
Mo18W/B73 NIL-1142,Mo18W,NA,FALSE,1,258578,0.000121970754716981,NA,NA,NA,NA
Mo18W/B73 NIL-1143,Mo18W,NA,FALSE,1,258578,0.000121970754716981,NA,NA,NA,NA
Mo18W/B73 NIL-1145,Mo18W,Mo18W,TRUE,3,11600966.5,0.00547215400943396,3,0,0,1
Mo18W/B73 NIL-1147,Mo18W,Mo18W,TRUE,1,2463474,0.00116201603773585,1,0,0,1
Mo18W/B73 NIL-1149B,Mo18W,Mo18W,TRUE,4,41090419,0.0193822731132075,3,0,0,1
Mo18W/B73 NIL-1149C,Mo18W,Mo18W,TRUE,4,41092925.5,0.0193834554245283,3,0,0,1
Mo18W/B73 NIL-1152,Mo18W,Mo18W,TRUE,2,4201970,0.00198206132075472,1,0,0,1
Mo18W/B73 NIL-1154,Mo18W,Mo18W,TRUE,3,14663686.5,0.00691683325471698,2,0,0,1
Mo18W/B73 NIL-1156,Mo18W,Mo18W,TRUE,4,14946607,0.00705028632075472,2,0,0,1
Mo18W/B73 NIL-1159,Mo18W,Mo18W,TRUE,2,2327832,0.00109803396226415,1,0,0,1
Mo18W/B73 NIL-1164,Mo18W,Mo18W,TRUE,2,8499362.5,0.00400913325471698,1,0,0,1
NC350/B73 NIL-1005,NC350,NC350,TRUE,3,10041747.5,0.0047366733490566,2,0,0,1
NC350/B73 NIL-1006,NC350,NC350,TRUE,5,17857541,0.00842336839622642,2,0,0,1
NC350/B73 NIL-1013,NC350,Mo17/NC350,FALSE,3,18216308,0.00859259811320755,2,1,0,2
NC350/B73 NIL-1042,NC350,NC350,TRUE,2,6781035.5,0.0031986016509434,1,0,0,1
NC350/B73 NIL-1056,NC350,NC350,TRUE,4,57321633.5,0.0270385063679245,3,0,0,1
NC350/B73 NIL-1065,NC350,NC358,FALSE,1,21121738,0.00996308396226415,1,1,0,1
NC350/B73 NIL-1068,NC350,NC358/B73,FALSE,5,182322341.5,0.0860011044811321,3,3,0,2
NC350/B73 NIL-1073A,NC350,NC350,TRUE,5,32353641,0.0152611514150943,3,0,0,1
NC350/B73 NIL-1073B,NC350,NC358,FALSE,2,14892861.5,0.00702493466981132,2,2,0,1
NC350/B73 NIL-1077,NC350,NC350,TRUE,2,17936823,0.00846076556603774,1,0,0,1
NC350/B73 NIL-1079,NC350,NC350,TRUE,2,7967182.5,0.00375810495283019,1,0,0,1
NC350/B73 NIL-1080,NC350,NC350,TRUE,5,20682686.5,0.00975598419811321,3,0,0,1
NC350/B73 NIL-1090,NC350,NC350,TRUE,3,31083716.5,0.0146621304245283,2,0,0,1
NC350/B73 NIL-1097A,NC350,NC350,TRUE,2,91049413,0.0429478363207547,1,0,0,1
NC350/B73 NIL-1101,NC350,B73/NC350,FALSE,5,31986287,0.0150878712264151,4,1,2,2
NC350/B73 NIL-1105,NC350,NC350,TRUE,3,125289703.5,0.059098916745283,3,0,0,1
NC350/B73 NIL-1114,NC350,NC358,FALSE,3,30924221,0.0145868966981132,1,1,0,1
NC350/B73 NIL-1123,NC350,NC350,TRUE,3,8339592,0.00393376981132075,2,0,0,1
NC350/B73 NIL-1127,NC350,Mo17/NC350,FALSE,5,11122009.5,0.00524623089622642,3,2,0,2
NC350/B73 NIL-1128,NC350,Mo17,FALSE,2,4402864,0.00207682264150943,1,1,0,1
NC350/B73 NIL-1140,NC350,NC350,TRUE,2,40828611,0.0192587787735849,2,0,0,1
NC350/B73 NIL-1153A,NC350,NC358,FALSE,4,43823063.5,0.0206712563679245,3,3,0,1
NC350/B73 NIL-1153B,NC350,NC358,FALSE,4,44803126,0.02113355,3,3,0,1
NC350/B73 NIL-1155,NC350,NC350,TRUE,1,7750542,0.00365591603773585,1,0,0,1
NC350/B73 NIL-1157,NC350,NC358/B73,FALSE,5,20095650,0.00947908018867924,4,3,1,2
NC350/B73 NIL-1165,NC350,NC350,TRUE,5,69222470,0.032652108490566,4,0,0,1
NC350/B73 NIL-1169,NC350,NC350,TRUE,3,121977336.5,0.0575364794811321,2,0,0,1
NC350/B73 NIL-1179,NC350,NC350,TRUE,3,14702118.5,0.00693496155660377,1,0,0,1
NC350/B73 NIL-1180,NC350,NC350,TRUE,3,11342937,0.00535044198113208,2,0,1,1
NC350/B73 NIL-1182,NC350,NC350/Mo17,FALSE,5,44261159.5,0.0208779054245283,5,3,1,2
NC350/B73 NIL-1183,NC350,Mo17/NC350,FALSE,4,41950798.5,0.0197881125,4,3,0,2
NC350/B73 NIL-1185,NC350,Oh43,FALSE,2,8969295.5,0.00423079976415094,2,2,0,1
NC350/B73 NIL-1192,NC350,NC350,TRUE,1,20498755.5,0.00966922429245283,1,0,0,1
NC350/B73 NIL-1196,NC350,NC350,TRUE,2,8206219,0.00387085801886792,2,0,0,1
NC350/B73 NIL-1207,NC350,NC350,TRUE,4,16069320.5,0.00757986816037736,3,0,0,1
NC350/B73 NIL-1210,NC350,NA,FALSE,5,70804309,0.0333982589622642,3,0,3,0
NC350/B73 NIL-1232,NC350,NC350,TRUE,2,26596644.5,0.0125455870283019,2,0,0,1
NC350/B73 NIL-1240,NC350,NC350,TRUE,3,18169245.5,0.00857039882075472,2,0,0,1
NC350/B73 NIL-1242,NC350,NA,FALSE,4,17734290,0.00836523113207547,3,0,3,0
NC350/B73 NIL-1246,NC350,NC350,TRUE,5,17248090.5,0.00813589174528302,3,0,0,1
NC350/B73 NIL-1250,NC350,NC350,TRUE,4,28759709,0.0135659004716981,2,0,0,1
NC350/B73 NIL-1265,NC350,NC358,FALSE,3,9995115,0.00471467688679245,2,2,0,1
NC350/B73 NIL-1270,NC350,NC350,TRUE,1,7125238,0.00336096132075472,1,0,0,1
NC350/B73 NIL-1272,NC350,NC350,TRUE,7,59240073,0.0279434306603774,4,0,1,1
NC358/B73 NIL-1008,NC358,NC358,TRUE,5,183617146.5,0.0866118615566038,4,0,0,1
NC358/B73 NIL-1009,NC358,NC358,TRUE,3,13554222.5,0.00639350117924528,2,0,0,1
NC358/B73 NIL-1017,NC358,NC358,TRUE,1,12649168.5,0.00596658891509434,1,0,0,1
NC358/B73 NIL-1018,NC358,NC358,TRUE,3,13554222.5,0.00639350117924528,2,0,0,1
NC358/B73 NIL-1035,NC358,B73,FALSE,4,102495990,0.0483471650943396,2,1,1,1
NC358/B73 NIL-1052,NC358,B73/NC350,FALSE,5,86924508.5,0.0410021266509434,5,5,0,2
NC358/B73 NIL-1058,NC358,NC358,TRUE,3,19672745,0.00927959669811321,2,0,0,1
NC358/B73 NIL-1059B,NC358,NC358,TRUE,3,178187844,0.0840508698113208,1,0,0,1
NC358/B73 NIL-1069,NC358,NC358,TRUE,1,130107947.5,0.0613716733490566,1,0,0,1
NC358/B73 NIL-1075,NC358,NC350,FALSE,2,69319835.5,0.0326980356132075,2,2,0,1
NC358/B73 NIL-1080,NC358,Mo18W,FALSE,4,138661783.5,0.0654065016509434,2,1,1,1
NC358/B73 NIL-1084,NC358,Oh43,FALSE,4,143503908.5,0.0676905228773585,3,3,0,1
NC358/B73 NIL-1104,NC358,NC358,TRUE,3,43675209.5,0.0206015139150943,1,0,0,1
NC358/B73 NIL-1108,NC358,Tx303,FALSE,3,135313185,0.0638269740566038,2,1,1,1
NC358/B73 NIL-1111,NC358,Mo17/B73/Oh43,FALSE,17,521526055,0.246002856132075,14,13,1,3
NC358/B73 NIL-1114,NC358,Mo17/NC358/CML52/Oh43,FALSE,12,334323883,0.157699944811321,10,6,2,4
NC358/B73 NIL-1132,NC358,Tzi8/NC358,FALSE,5,35581215,0.0167835919811321,3,1,1,2
NC358/B73 NIL-1134,NC358,NC358,TRUE,2,7674077.5,0.00361984787735849,2,0,0,1
NC358/B73 NIL-1145,NC358,NC358,TRUE,5,27666509,0.0130502400943396,5,0,1,1
NC358/B73 NIL-1146,NC358,NC358,TRUE,3,51707701.5,0.0243904252358491,3,0,0,1
NC358/B73 NIL-1151,NC358,Tx303,FALSE,4,22226000,0.0104839622641509,4,3,1,1
NC358/B73 NIL-1154,NC358,B73/Tx303,FALSE,11,100826136,0.0475594981132075,9,7,2,2
NC358/B73 NIL-1156,NC358,NC358,TRUE,1,12329272.5,0.0058156945754717,1,0,0,1
NC358/B73 NIL-1164,NC358,NC358,TRUE,1,21544965,0.0101627193396226,1,0,0,1
NC358/B73 NIL-1165,NC358,Oh43,FALSE,6,174641173.5,0.0823779120283019,2,1,1,1
NC358/B73 NIL-1166,NC358,Tx303,FALSE,2,6775146.5,0.00319582382075472,1,1,0,1
NC358/B73 NIL-1179,NC358,Ki11,FALSE,3,18655185.5,0.00879961580188679,3,1,2,1
NC358/B73 NIL-1183,NC358,Ki11,FALSE,3,28607219.5,0.0134939714622642,3,2,1,1
NC358/B73 NIL-1188,NC358,NC358,TRUE,1,14423108.5,0.00680335306603774,1,0,0,1
NC358/B73 NIL-1189A,NC358,NC358,TRUE,1,24887973,0.0117396099056604,1,0,0,1
NC358/B73 NIL-1192A,NC358,NC358,TRUE,2,26601178,0.0125477254716981,2,0,0,1
NC358/B73 NIL-1192B,NC358,NC358,TRUE,3,25073181.5,0.0118269724056604,1,0,0,1
NC358/B73 NIL-1204,NC358,Oh43,FALSE,2,209072044,0.0986188886792453,2,2,0,1
NC358/B73 NIL-1211,NC358,NA,FALSE,2,4921280,0.00232135849056604,1,0,1,0
NC358/B73 NIL-1227,NC358,NC358,TRUE,2,6945312.5,0.00327609080188679,2,0,0,1
NC358/B73 NIL-1233,NC358,B73,FALSE,3,24423174.5,0.0115203653301887,3,1,2,1
NC358/B73 NIL-1236,NC358,NC358,TRUE,2,7345152,0.00346469433962264,1,0,0,1
NC358/B73 NIL-1238A,NC358,NC358,TRUE,2,12498318.5,0.00589543325471698,2,0,0,1
Oh43/B73 NIL-1002,Oh43,Mo18W,FALSE,3,2884721.5,0.00136071768867925,1,1,0,1
Oh43/B73 NIL-1005,Oh43,CML103/CML69,FALSE,7,302412814,0.142647553773585,4,4,0,2
Oh43/B73 NIL-1008,Oh43,CML69,FALSE,2,39684035,0.0187188844339623,2,1,1,1
Oh43/B73 NIL-1013,Oh43,Oh43,TRUE,1,21485370,0.010134608490566,1,0,0,1
Oh43/B73 NIL-1017,Oh43,CML69,FALSE,6,118774640.5,0.0560257738207547,2,1,1,1
Oh43/B73 NIL-1021,Oh43,NC358,FALSE,3,13299113.5,0.00627316674528302,3,3,0,1
Oh43/B73 NIL-1023A,Oh43,NA,FALSE,4,163988218.5,0.077352933254717,2,0,2,0
Oh43/B73 NIL-1023B,Oh43,CML69,FALSE,2,8609675.5,0.00406116768867925,1,1,0,1
Oh43/B73 NIL-1026,Oh43,Oh43,TRUE,2,76505306,0.036087408490566,2,0,0,1
Oh43/B73 NIL-1028,Oh43,Oh43,TRUE,2,3412546,0.00160969150943396,1,0,0,1
Oh43/B73 NIL-1031,Oh43,CML69,FALSE,3,202533015.5,0.0955344412735849,3,3,0,1
Oh43/B73 NIL-1037,Oh43,Oh43,TRUE,5,18621880.5,0.00878390589622642,2,0,0,1
Oh43/B73 NIL-1046,Oh43,Oh43,TRUE,3,82222938,0.0387844047169811,3,0,0,1
Oh43/B73 NIL-1053,Oh43,Tzi8,FALSE,1,79346094,0.0374274028301887,1,1,0,1
Oh43/B73 NIL-1055,Oh43,NC358,FALSE,5,24663599,0.0116337731132075,4,4,0,1
Oh43/B73 NIL-1056,Oh43,NA,FALSE,3,9926710.5,0.00468241061320755,2,0,2,0
Oh43/B73 NIL-1059A,Oh43,Oh43,TRUE,3,32241086,0.0152080594339623,1,0,0,1
Oh43/B73 NIL-1059B,Oh43,NC358,FALSE,4,10518418,0.0049615179245283,2,2,0,1
Oh43/B73 NIL-1068,Oh43,NA,FALSE,2,2012857,0.000949460849056604,1,0,1,0
Oh43/B73 NIL-1073,Oh43,Oh43,TRUE,1,65078578.5,0.0306974426886792,1,0,0,1
Oh43/B73 NIL-1099,Oh43,B73/CML69/Oh43,FALSE,7,53504863,0.0252381429245283,5,3,1,3
Oh43/B73 NIL-1100,Oh43,NA,FALSE,1,27325218.5,0.012889254009434,1,0,1,0
Oh43/B73 NIL-1108,Oh43,Oh43,TRUE,2,2799887.5,0.0013207016509434,1,0,0,1
Oh43/B73 NIL-1135,Oh43,Tx303,FALSE,5,45765139.5,0.0215873299528302,3,3,0,1
Oh43/B73 NIL-1142,Oh43,Tzi8,FALSE,6,55686067,0.0262670127358491,3,3,0,1
Oh43/B73 NIL-1143,Oh43,Tzi8/Oh43,FALSE,9,58945635.5,0.0278045450471698,6,3,1,2
Oh43/B73 NIL-1145,Oh43,Tzi8/Oh43,FALSE,9,203614752.5,0.0960446945754717,6,4,0,2
Oh43/B73 NIL-1157,Oh43,Oh43,TRUE,3,9883399.5,0.00466198089622641,2,0,0,1
Oh43/B73 NIL-1171,Oh43,NC358,FALSE,4,40915083,0.0192995674528302,3,3,0,1
Oh43/B73 NIL-1172A,Oh43,Oh43,TRUE,3,44187196,0.0208430169811321,2,0,1,1
Oh43/B73 NIL-1173A,Oh43,Oh43,TRUE,4,214393122.5,0.101128831367925,3,0,1,1
Oh43/B73 NIL-1173B,Oh43,Oh43,TRUE,2,197260742,0.0930475198113208,2,0,0,1
Oh43/B73 NIL-1175A,Oh43,Oh43,TRUE,2,196306212.5,0.0925972700471698,2,0,0,1
Oh43/B73 NIL-1175B,Oh43,Oh43,TRUE,3,24779456.5,0.0116884228773585,2,0,1,1
Oh43/B73 NIL-1182,Oh43,Oh43,TRUE,4,16433265.5,0.00775154033018868,2,0,0,1
Oh43/B73 NIL-1195,Oh43,B73,FALSE,2,20951275.5,0.00988267712264151,2,1,1,1
Oh43/B73 NIL-1197,Oh43,Oh43,TRUE,2,6753337.5,0.00318553655660377,1,0,0,1
Oh43/B73 NIL-1199,Oh43,NC350/Mo17,FALSE,5,37145191.5,0.017521316745283,3,3,0,2
Oh43/B73 NIL-1211,Oh43,Oh43,TRUE,5,118460384.5,0.0558775398584906,4,0,3,1
Oh43/B73 NIL-1218,Oh43,Oh43,TRUE,5,34994884,0.016507020754717,4,0,0,1
Oh43/B73 NIL-1228,Oh43,NA,FALSE,1,4177.5,1.97051886792453e-06,NA,NA,NA,NA
Oh43/B73 NIL-1230,Oh43,CML52,FALSE,4,105138549.5,0.0495936554245283,2,1,1,1
Oh43/B73 NIL-1231,Oh43,Oh43,TRUE,6,139385525.5,0.0657478893867924,5,0,1,1
Oh43/B73 NIL-1235,Oh43,Oh43,TRUE,2,20394889,0.00962023066037736,2,0,0,1
Oh43/B73 NIL-1236A,Oh43,Oh43,TRUE,4,37061958,0.0174820556603774,1,0,0,1
Oh43/B73 NIL-1236B,Oh43,Oh43,TRUE,6,42698884,0.0201409830188679,2,0,0,1
Oh43/B73 NIL-1241,Oh43,NA,FALSE,1,2292784,0.00108150188679245,NA,NA,NA,NA
Oh43/B73 NIL-1246,Oh43,Mo17/Oh43,FALSE,7,61353189.5,0.0289401837264151,6,2,3,2
Oh43/B73 NIL-1250,Oh43,Mo17,FALSE,5,46461975.5,0.0219160261792453,3,1,2,1
Oh43/B73 NIL-1255,Oh43,Oh43,TRUE,1,15955192.5,0.00752603419811321,1,0,0,1
Oh43/B73 NIL-1270,Oh43,Oh43,TRUE,1,1909376,0.000900649056603774,1,0,0,1
Oh43/B73 NIL-1281,Oh43,NA,FALSE,1,3622858.5,0.00170889551886792,1,0,1,0
Oh43/B73 NIL-1284,Oh43,Oh43,TRUE,2,139969542,0.0660233688679245,2,0,0,1
Oh43/B73 NIL-1285,Oh43,Oh43,TRUE,3,56833632,0.0268083169811321,2,0,1,1
Oh43/B73 NIL-1306,Oh43,Tx303/Mo17,FALSE,8,393146303.5,0.185446369575472,5,3,2,2
Oh43/B73 NIL-1307,Oh43,Tx303,FALSE,9,231212188,0.109062352830189,5,4,1,1
Oh43/B73 NIL-1308,Oh43,NC358,FALSE,2,14612839.5,0.00689284882075472,1,1,0,1
Oh43/B73 NIL-1313,Oh43,Oh43,TRUE,1,18987025.5,0.00895614410377358,1,0,0,1
Tx303/B73 NIL-1005,Tx303,Tx303/Mo17,FALSE,6,176824755.5,0.0834079035377358,4,2,0,2
Tx303/B73 NIL-1010,Tx303,Tx303/Mo17,FALSE,7,138990277,0.0655614514150943,5,2,0,2
Tx303/B73 NIL-1011A,Tx303,Tx303/Mo17,FALSE,6,129804876.5,0.0612287153301887,2,1,0,2
Tx303/B73 NIL-1015,Tx303,Oh43,FALSE,3,48281480.5,0.022774283254717,2,1,1,1
Tx303/B73 NIL-1017,Tx303,NC358,FALSE,3,44805190.5,0.0211345238207547,2,2,0,1
Tx303/B73 NIL-1019,Tx303,NC358,FALSE,5,94968365,0.0447963985849057,4,4,0,1
Tx303/B73 NIL-1025,Tx303,NC358,FALSE,2,33179338.5,0.0156506313679245,1,1,0,1
Tx303/B73 NIL-1028,Tx303,Tx303,TRUE,2,16453070,0.0077608820754717,2,0,0,1
Tx303/B73 NIL-1030,Tx303,Tx303,TRUE,2,130283441.5,0.0614544535377358,1,0,0,1
Tx303/B73 NIL-1037,Tx303,Tx303,TRUE,2,21711670.5,0.010241354009434,2,0,0,1
Tx303/B73 NIL-1045,Tx303,NC358,FALSE,2,17041376.5,0.00803838514150943,2,2,0,1
Tx303/B73 NIL-1062,Tx303,Tx303,TRUE,4,127050081,0.059929283490566,3,0,0,1
Tx303/B73 NIL-1072,Tx303,Mo17,FALSE,5,18381777,0.00867064952830189,3,2,1,1
Tx303/B73 NIL-1073,Tx303,Mo17/Tx303,FALSE,3,36526332,0.0172294018867925,3,1,0,2
Tx303/B73 NIL-1077,Tx303,Tx303,TRUE,3,12318702,0.00581070849056604,2,0,0,1
Tx303/B73 NIL-1078,Tx303,NC358,FALSE,2,18713260,0.00882700943396226,1,1,0,1
Tx303/B73 NIL-1079A,Tx303,Tx303,TRUE,5,24968439.5,0.0117775658018868,3,0,0,1
Tx303/B73 NIL-1079B,Tx303,Tx303,TRUE,5,38365469.5,0.0180969195754717,4,0,0,1
Tx303/B73 NIL-1080,Tx303,NC358/Tx303,FALSE,4,12343270,0.00582229716981132,3,1,0,2
Tx303/B73 NIL-1085C,Tx303,Oh43,FALSE,3,148279645.5,0.069943229009434,2,2,0,1
Tx303/B73 NIL-1102,Tx303,Tx303,TRUE,2,32938536,0.0155370452830189,2,0,0,1
Tx303/B73 NIL-1104,Tx303,Tx303,TRUE,1,6002620.5,0.00283142476415094,1,0,0,1
Tx303/B73 NIL-1107,Tx303,Tx303,TRUE,8,219798522.5,0.103678548349057,5,0,0,1
Tx303/B73 NIL-1111,Tx303,Tx303,TRUE,7,66411725,0.0313262853773585,5,0,0,1
Tx303/B73 NIL-1122,Tx303,Tx303,TRUE,4,149236265.5,0.0703944648584906,2,0,1,1
Tx303/B73 NIL-1123,Tx303,Tx303,TRUE,4,16308207.5,0.00769255070754717,3,0,0,1
Tx303/B73 NIL-1133,Tx303,Tx303,TRUE,3,14254860.5,0.00672399080188679,3,0,0,1
Tx303/B73 NIL-1151,Tx303,Tx303/B73,FALSE,6,86130746.5,0.0406277106132075,5,1,3,2
Tx303/B73 NIL-1164,Tx303,Tx303/Mo17,FALSE,4,116565947.5,0.0549839375,3,1,0,2
Tx303/B73 NIL-1166,Tx303,Tx303,TRUE,7,87669630.5,0.0413535992924528,5,0,0,1
Tx303/B73 NIL-1178,Tx303,Tx303,TRUE,2,59184002.5,0.0279169823113208,2,0,0,1
Tx303/B73 NIL-1186,Tx303,Tx303,TRUE,2,59089114,0.0278722235849057,2,0,0,1
Tx303/B73 NIL-1187,Tx303,Tx303,TRUE,2,56401035,0.0266042617924528,2,0,1,1
Tx303/B73 NIL-1193,Tx303,Tx303,TRUE,3,51656102,0.0243660858490566,2,0,1,1
Tx303/B73 NIL-1201,Tx303,Mo17,FALSE,10,293686918,0.13853156509434,7,5,2,1
Tx303/B73 NIL-1203,Tx303,Tx303,TRUE,2,14748510,0.00695684433962264,1,0,0,1
Tx303/B73 NIL-1208,Tx303,Tx303,TRUE,5,62922379,0.0296803674528302,4,0,1,1
Tx303/B73 NIL-1209A,Tx303,Tx303,TRUE,4,176598420,0.083301141509434,3,0,0,1
Tx303/B73 NIL-1209C,Tx303,B73/Mo17,FALSE,17,475475218.5,0.224280763443396,13,10,3,2
Tx303/B73 NIL-1214,Tx303,Oh43,FALSE,1,3772577,0.00177951745283019,1,1,0,1
Tx303/B73 NIL-1218,Tx303,B73/Mo17,FALSE,12,226938723,0.10704656745283,7,4,3,2
Tx303/B73 NIL-1220,Tx303,Tx303,TRUE,2,50724825.5,0.0239268044811321,1,0,0,1
Tx303/B73 NIL-1231,Tx303,Tx303,TRUE,3,50727405.5,0.0239280214622642,1,0,0,1
Tx303/B73 NIL-1239,Tx303,NA,FALSE,1,361946.5,0.000170729481132075,NA,NA,NA,NA
Tx303/B73 NIL-1241,Tx303,Tx303,TRUE,1,4599985.5,0.00216980448113208,1,0,0,1
Tx303/B73 NIL-1246,Tx303,B73,FALSE,2,130286142.5,0.0614557275943396,2,1,1,1
Tx303/B73 NIL-1248,Tx303,Tx303,TRUE,5,60606736.5,0.028588083254717,2,0,1,1
Tzi8/B73 NIL-1021,Tzi8,Tzi8,TRUE,3,44939577.5,0.0211979139150943,2,0,1,1
Tzi8/B73 NIL-1026,Tzi8,Tzi8,TRUE,4,30687896,0.0144754226415094,2,0,1,1
Tzi8/B73 NIL-1027,Tzi8,Tzi8,TRUE,3,52499751.5,0.0247640337264151,2,0,0,1
Tzi8/B73 NIL-1034,Tzi8,Tzi8/B73,FALSE,6,34545259.5,0.0162949337264151,4,1,0,2
Tzi8/B73 NIL-1036,Tzi8,Tzi8/B73,FALSE,5,164360046.5,0.0775283238207547,4,1,1,2
Tzi8/B73 NIL-1039,Tzi8,Tzi8,TRUE,4,158308006.5,0.0746735879716981,2,0,0,1
Tzi8/B73 NIL-1041,Tzi8,Tzi8,TRUE,3,150859440.5,0.0711601134433962,2,0,0,1
Tzi8/B73 NIL-1045A,Tzi8,Tzi8,TRUE,6,39420406,0.0185945311320755,3,0,0,1
Tzi8/B73 NIL-1056,Tzi8,Tzi8,TRUE,3,53984475.5,0.0254643752358491,2,0,1,1
Tzi8/B73 NIL-1060A,Tzi8,Tzi8,TRUE,5,98687890,0.046550891509434,3,0,0,1
Tzi8/B73 NIL-1060B,Tzi8,Tzi8,TRUE,4,98649197.5,0.0465326403301887,3,0,0,1
Tzi8/B73 NIL-1064,Tzi8,NA,FALSE,2,2062010.5,0.000972646462264151,1,0,1,0
Tzi8/B73 NIL-1069,Tzi8,Tzi8,TRUE,1,106292581.5,0.0501380101415094,1,0,0,1
Tzi8/B73 NIL-1072,Tzi8,Tzi8,TRUE,5,20147086,0.00950334245283019,2,0,1,1
Tzi8/B73 NIL-1088,Tzi8,Tzi8,TRUE,6,36301584,0.0171233886792453,3,0,1,1
Tzi8/B73 NIL-1101,Tzi8,Tzi8/Mo17/Oh43,FALSE,13,293955147.5,0.138658088443396,10,5,4,3
Tzi8/B73 NIL-1107,Tzi8,B73/Tzi8/Mo17/Oh43,FALSE,12,169755748.5,0.0800734662735849,9,5,2,4
Tzi8/B73 NIL-1133C,Tzi8,Tzi8,TRUE,7,174821780.5,0.082463104009434,3,0,1,1
Tzi8/B73 NIL-1140,Tzi8,Tzi8,TRUE,3,28211011,0.0133070806603774,2,0,0,1
Tzi8/B73 NIL-1143,Tzi8,Tzi8,TRUE,6,31271279,0.0147506033018868,2,0,0,1
Tzi8/B73 NIL-1148B,Tzi8,Tzi8,TRUE,3,22702056.5,0.0107085172169811,2,0,0,1
Tzi8/B73 NIL-1153,Tzi8,Mo17/Oh43/Tzi8,FALSE,6,77489621,0.0365517080188679,4,2,1,3
Tzi8/B73 NIL-1154,Tzi8,Mo17/Tzi8,FALSE,4,83314983.5,0.0392995205188679,3,1,1,2
Tzi8/B73 NIL-1157,Tzi8,NA,FALSE,3,13609687.5,0.00641966391509434,3,0,3,0
Tzi8/B73 NIL-1160,Tzi8,NA,FALSE,2,10875177,0.00512980047169811,1,0,1,0
Tzi8/B73 NIL-1165,Tzi8,Tzi8/B73,FALSE,6,133938849,0.0631787023584906,5,1,0,2
Tzi8/B73 NIL-1176,Tzi8,Tzi8/Mo17,FALSE,10,128739896.5,0.0607263662735849,7,1,3,2
Tzi8/B73 NIL-1186,Tzi8,Mo17,FALSE,8,204613626.5,0.0965158615566038,5,1,4,1
Tzi8/B73 NIL-1189,Tzi8,Tzi8,TRUE,1,21268295,0.0100322146226415,1,0,0,1
Tzi8/B73 NIL-1190,Tzi8,Tzi8,TRUE,2,21316481.5,0.0100549441037736,1,0,0,1
Tzi8/B73 NIL-1201,Tzi8,Tzi8,TRUE,1,3040612,0.00143425094339623,1,0,0,1
Tzi8/B73 NIL-1213,Tzi8,Tzi8,TRUE,6,55622493.5,0.0262370252358491,3,0,1,1
Tzi8/B73 NIL-1215,Tzi8,Tzi8,TRUE,5,188837395,0.0890742429245283,3,0,0,1
Tzi8/B73 NIL-1216,Tzi8,Tzi8,TRUE,1,3040612,0.00143425094339623,1,0,0,1
Tzi8/B73 NIL-1218,Tzi8,Tzi8,TRUE,2,184835040,0.0871863396226415,2,0,0,1
Tzi8/B73 NIL-1219,Tzi8,Tzi8,TRUE,8,187490337,0.0884388382075472,4,0,2,1
Tzi8/B73 NIL-1220,Tzi8,Tzi8/Ki3,FALSE,11,238972452.5,0.11272285495283,6,1,3,2
Tzi8/B73 NIL-1230,Tzi8,Tzi8,TRUE,8,100409072,0.0473627698113208,6,0,2,1
Tzi8/B73 NIL-1234,Tzi8,Tzi8,TRUE,5,105304831.5,0.0496720903301887,4,0,1,1
Tzi8/B73 NIL-1241,Tzi8,Tzi8,TRUE,4,153232410,0.0722794386792453,2,0,0,1
Tzi8/B73 NIL-1251,Tzi8,Tzi8,TRUE,4,3983222.5,0.00187887853773585,1,0,0,1
Tzi8/B73 NIL-1258,Tzi8,Tzi8,TRUE,5,26925662.5,0.0127007841981132,1,0,0,1
Tzi8/B73 NIL-1271,Tzi8,Tzi8,TRUE,2,18712309,0.0088265608490566,2,0,0,1
Tzi8/B73 NIL-1277,Tzi8,Tzi8,TRUE,4,54800064.5,0.0258490870283019,2,0,1,1
Tzi8/B73 NIL-1280,Tzi8,Tzi8,TRUE,2,9858701,0.00465033066037736,1,0,0,1
Tzi8/B73 NIL-1281,Tzi8,Tzi8,TRUE,4,47263660.5,0.0222941794811321,3,0,0,1
Tzi8/B73 NIL-1282,Tzi8,Tzi8,TRUE,2,41795505,0.0197148608490566,2,0,0,1
Tzi8/B73 NIL-1285,Tzi8,Tzi8,TRUE,2,34792223.5,0.0164114261792453,2,0,1,1
Tzi8/B73 NIL-1305,Tzi8,Tzi8,TRUE,6,106566123.5,0.0502670393867925,4,0,1,1
Tzi8/B73 NIL-1308,Tzi8,NA,FALSE,1,20194334,0.00952562924528302,1,0,1,0
Tzi8/B73 NIL-1310,Tzi8,Tzi8,TRUE,4,28020823.5,0.0132173695754717,2,0,1,1
Tzi8/B73 NIL-1312,Tzi8,Tzi8,TRUE,1,21529550.5,0.0101554483490566,1,0,0,1
Tzi8/B73 NIL-1314,Tzi8,Tzi8,TRUE,3,21685894,0.0102291952830189,1,0,0,1
Tzi8/B73 NIL-1321,Tzi8,Tzi8,TRUE,2,34474294.5,0.0162614596698113,2,0,1,1
Tzi8/B73 NIL-1322,Tzi8,Tzi8,TRUE,3,11720885.5,0.0055287195754717,2,0,1,1
Tzi8/B73 NIL-1333,Tzi8,NA,FALSE,6,79470139.5,0.0374859148584906,2,0,2,0
Tzi8/B73 NIL-1338,Tzi8,Tzi8,TRUE,2,21524952,0.010153279245283,1,0,0,1
CML103/B73 NIL-1259,CML103,NA,FALSE,NA,NA,NA,NA,NA,NA,NA
CML103/B73 NIL-1305,CML103,NA,FALSE,NA,NA,NA,NA,NA,NA,NA
CML228/B73 NIL-1190,CML228,NA,FALSE,NA,NA,NA,NA,NA,NA,NA
CML322/B73 NIL-1249,CML322,NA,FALSE,NA,NA,NA,NA,NA,NA,NA
CML322/B73 NIL-1250,CML322,NA,FALSE,NA,NA,NA,NA,NA,NA,NA
CML69/B73 NIL-1043,CML69,NA,FALSE,NA,NA,NA,NA,NA,NA,NA
Mo17/B73 NIL-1005A,Mo17,NA,FALSE,NA,NA,NA,NA,NA,NA,NA
Oh43/B73 NIL-1154,Oh43,NA,FALSE,NA,NA,NA,NA,NA,NA,NA
